id,filename,format,sample_rate,baud_rate,sps,modulation,fec_type,interleaver_depth,cfo_hz,snr_db,payload_type,payload_len_bytes,payload_ascii,payload_hex
IQ_001,capture_001.iq,iq,250000.0,50000.0,5.0,QPSK,CONV,1,-200.74,31.31,PLAINTEXT,95,ACARS_AERODROME_FLIGHT_IX204: POSITION_LAT_28.6139_LON_77.2090_ALT_34000FT_SPEED_480KTS_PKT_001,41434152535f4145524f44524f4d455f464c494748545f49583230343a20504f534954494f4e5f4c41545f32382e363133395f4c4f4e5f37372e323039305f414c545f333430303046545f53504545445f3438304b54535f504b545f303031
IQ_002,capture_002.iq,iq,500000.0,50000.0,10.0,8PSK,"RS(255,223)",8,-89.69,28.57,PLAINTEXT,219,COSPAS_SARSAT_EMERGENCY_LOCATOR_HEX_A3F982B001: LAT_12.9716_LON_77.5946_STATUS_ACTIVECOSPAS_SARSAT_EMERGENCY_LOCATOR_HEX_A3F982B001: LAT_12.9716_LON_77.5946_STATUS_ACTIVECOSPAS_SARSAT_EMERGENCY_LOCATOR_HEX_A3F982B001: L,434f535041535f5341525341545f454d455247454e43595f4c4f4341544f525f4845585f413346393832423030313a204c41545f31322e393731365f4c4f4e5f37372e353934365f5354415455535f414354495645434f535041535f5341525341545f454d455247454e43595f4c4f4341544f525f4845585f413346393832423030313a204c41545f31322e393731365f4c4f4e5f37372e353934365f5354415455535f414354495645434f535041535f5341525341545f454d455247454e43595f4c4f4341544f525f4845585f413346393832423030313a204c
IQ_003,capture_003.iq,iq,200000.0,50000.0,4.0,16-QAM,"CONV+RS(255,223)",16,-423.88,27.26,PLAINTEXT,245,AIS_MARINE_SURVEILLANCE_MMSI_419000888: COURSE_270_SPEED_14_2KTS_CARGO_CONTAINER_VESSELAIS_MARINE_SURVEILLANCE_MMSI_419000888: COURSE_270_SPEED_14_2KTS_CARGO_CONTAINER_VESSELAIS_MARINE_SURVEILLANCE_MMSI_419000888: COURSE_270_SPEED_14_2KTS_CARGO_,4149535f4d4152494e455f5355525645494c4c414e43455f4d4d53495f3431393030303838383a20434f555253455f3237305f53504545445f31345f324b54535f434152474f5f434f4e5441494e45525f56455353454c4149535f4d4152494e455f5355525645494c4c414e43455f4d4d53495f3431393030303838383a20434f555253455f3237305f53504545445f31345f324b54535f434152474f5f434f4e5441494e45525f56455353454c4149535f4d4152494e455f5355525645494c4c414e43455f4d4d53495f3431393030303838383a20434f555253455f3237305f53504545445f31345f324b54535f434152474f5f
IQ_004,capture_004.iq,iq,250000.0,50000.0,5.0,BPSK,LDPC,1,-627.62,29.99,ENCRYPTED,64,,ba749a2d637ae141b80b01dfeffb6a96fe9c0bf68b15424cb1c886388ba8605b51a423d763d7fe4caf31806cb1cb03f41262edc96f71da10fe124b6834a852e8
IQ_005,capture_005.iq,iq,500000.0,50000.0,10.0,QPSK,NONE,1,63.18,19.65,PLAINTEXT,91,TELEMETRY_SUBSYSTEM_HK_PACKET_99: BATTERY_V_28_4_SOLAR_PWR_145W_CPU_TEMP_42C_BUS_OK_PKT_005,54454c454d455452595f53554253595354454d5f484b5f5041434b45545f39393a20424154544552595f565f32385f345f534f4c41525f5057525f313435575f4350555f54454d505f3432435f4255535f4f4b5f504b545f303035
IQ_006,capture_006.iq,iq,200000.0,50000.0,4.0,8PSK,CONV,1,331.35,24.7,PLAINTEXT,91,RADAR_TRACK_REPORT_AZ_045_EL_12_RNG_85KM: DOPPLER_FREQ_SHIFT_320HZ_CONFIRM_FRIENDLY_PKT_006,52414441525f545241434b5f5245504f52545f415a5f3034355f454c5f31325f524e475f38354b4d3a20444f50504c45525f465245515f53484946545f333230485a5f434f4e4649524d5f465249454e444c595f504b545f303036
IQ_007,capture_007.iq,iq,250000.0,50000.0,5.0,16-QAM,"RS(255,223)",16,-55.94,28.27,PLAINTEXT,219,GROUND_STATION_TELEMETRY_LINK_SYNC: FRAME_SEQ_10482_RSSI_NEG72DBM_SNR_24DB_LOCK_OKGROUND_STATION_TELEMETRY_LINK_SYNC: FRAME_SEQ_10482_RSSI_NEG72DBM_SNR_24DB_LOCK_OKGROUND_STATION_TELEMETRY_LINK_SYNC: FRAME_SEQ_10482_RSS,47524f554e445f53544154494f4e5f54454c454d455452595f4c494e4b5f53594e433a204652414d455f5345515f31303438325f525353495f4e4547373244424d5f534e525f323444425f4c4f434b5f4f4b47524f554e445f53544154494f4e5f54454c454d455452595f4c494e4b5f53594e433a204652414d455f5345515f31303438325f525353495f4e4547373244424d5f534e525f323444425f4c4f434b5f4f4b47524f554e445f53544154494f4e5f54454c454d455452595f4c494e4b5f53594e433a204652414d455f5345515f31303438325f525353
IQ_008,capture_008.iq,iq,500000.0,50000.0,10.0,BPSK,"CONV+RS(255,223)",1,-731.5,20.12,ENCRYPTED,64,,d1f5de71fd6408cfebaa67f1d2843b92b76cfda436b0b08b4f88f35ad37c7d1fcdd03c75b2be7b2d707f7bd829058d34c34adf8a8f56b1c09700410c209710b2
IQ_009,capture_009.iq,iq,200000.0,50000.0,4.0,QPSK,LDPC,1,370.45,21.44,PLAINTEXT,92,UHF_SATCOM_DAMA_CHANNEL_BURST: TIME_SLOT_08_BURST_ID_7781_MODULATION_LOCKED_CRC32_OK_PKT_009,5548465f534154434f4d5f44414d415f4348414e4e454c5f42555253543a2054494d455f534c4f545f30385f42555253545f49445f373738315f4d4f44554c4154494f4e5f4c4f434b45445f43524333325f4f4b5f504b545f303039
IQ_010,capture_010.iq,iq,250000.0,50000.0,5.0,8PSK,NONE,1,-163.05,21.4,PLAINTEXT,94,TACTICAL_SITREP_UNIT_ALPHA_7: SECTOR_BRAVO_RECON_COMPLETED_STATUS_GREEN_ALL_SYSTEMS_GO_PKT_010,544143544943414c5f5349545245505f554e49545f414c5048415f373a20534543544f525f425241564f5f5245434f4e5f434f4d504c455445445f5354415455535f475245454e5f414c4c5f53595354454d535f474f5f504b545f303130
IQ_011,capture_011.iq,iq,500000.0,50000.0,10.0,16-QAM,CONV,1,-430.31,22.06,PLAINTEXT,95,ACARS_AERODROME_FLIGHT_IX204: POSITION_LAT_28.6139_LON_77.2090_ALT_34000FT_SPEED_480KTS_PKT_011,41434152535f4145524f44524f4d455f464c494748545f49583230343a20504f534954494f4e5f4c41545f32382e363133395f4c4f4e5f37372e323039305f414c545f333430303046545f53504545445f3438304b54535f504b545f303131
IQ_012,capture_012.iq,iq,200000.0,50000.0,4.0,2-FSK,"RS(255,223)",1,121.22,19.4,ENCRYPTED,64,,16f77bbaf4d44b5befa4a6d02acbbafcf7c3de33fd90591516a60d3df49bcd6025f9c86f162b397f41aca854ec241ca873e8d19d88f353a20b663f2fc4f3f6f3
IQ_013,capture_013.iq,iq,250000.0,50000.0,5.0,4-FSK,"CONV+RS(255,223)",4,726.49,26.38,PLAINTEXT,245,AIS_MARINE_SURVEILLANCE_MMSI_419000888: COURSE_270_SPEED_14_2KTS_CARGO_CONTAINER_VESSELAIS_MARINE_SURVEILLANCE_MMSI_419000888: COURSE_270_SPEED_14_2KTS_CARGO_CONTAINER_VESSELAIS_MARINE_SURVEILLANCE_MMSI_419000888: COURSE_270_SPEED_14_2KTS_CARGO_,4149535f4d4152494e455f5355525645494c4c414e43455f4d4d53495f3431393030303838383a20434f555253455f3237305f53504545445f31345f324b54535f434152474f5f434f4e5441494e45525f56455353454c4149535f4d4152494e455f5355525645494c4c414e43455f4d4d53495f3431393030303838383a20434f555253455f3237305f53504545445f31345f324b54535f434152474f5f434f4e5441494e45525f56455353454c4149535f4d4152494e455f5355525645494c4c414e43455f4d4d53495f3431393030303838383a20434f555253455f3237305f53504545445f31345f324b54535f434152474f5f
IQ_014,capture_014.iq,iq,500000.0,50000.0,10.0,2-FSK,LDPC,1,55.11,23.18,PLAINTEXT,95,WEATHER_OBSERVATION_METAR_VEGT: WIND_120_10KT_VIS_9999_SKC_TEMP_28_DP_22_QNH_1012_NOSIG_PKT_014,574541544845525f4f42534552564154494f4e5f4d455441525f564547543a2057494e445f3132305f31304b545f5649535f393939395f534b435f54454d505f32385f44505f32325f514e485f313031325f4e4f5349475f504b545f303134
IQ_015,capture_015.iq,iq,200000.0,50000.0,4.0,4-FSK,NONE,1,-253.94,26.28,PLAINTEXT,91,TELEMETRY_SUBSYSTEM_HK_PACKET_99: BATTERY_V_28_4_SOLAR_PWR_145W_CPU_TEMP_42C_BUS_OK_PKT_015,54454c454d455452595f53554253595354454d5f484b5f5041434b45545f39393a20424154544552595f565f32385f345f534f4c41525f5057525f313435575f4350555f54454d505f3432435f4255535f4f4b5f504b545f303135
IQ_016,capture_016.iq,iq,250000.0,50000.0,5.0,BPSK,CONV,1,303.08,28.91,ENCRYPTED,64,,9b7c99eff04f4489df7d4692cdcba5497a4e0c2fc3faf1d9d7de9b60c159810de51740ebf16c3c6f8c5a93599707dbad73919483490b6af35d3dc120dbbcca40
IQ_017,capture_017.iq,iq,500000.0,50000.0,10.0,QPSK,"RS(255,223)",4,-90.93,23.6,PLAINTEXT,219,GROUND_STATION_TELEMETRY_LINK_SYNC: FRAME_SEQ_10482_RSSI_NEG72DBM_SNR_24DB_LOCK_OKGROUND_STATION_TELEMETRY_LINK_SYNC: FRAME_SEQ_10482_RSSI_NEG72DBM_SNR_24DB_LOCK_OKGROUND_STATION_TELEMETRY_LINK_SYNC: FRAME_SEQ_10482_RSS,47524f554e445f53544154494f4e5f54454c454d455452595f4c494e4b5f53594e433a204652414d455f5345515f31303438325f525353495f4e4547373244424d5f534e525f323444425f4c4f434b5f4f4b47524f554e445f53544154494f4e5f54454c454d455452595f4c494e4b5f53594e433a204652414d455f5345515f31303438325f525353495f4e4547373244424d5f534e525f323444425f4c4f434b5f4f4b47524f554e445f53544154494f4e5f54454c454d455452595f4c494e4b5f53594e433a204652414d455f5345515f31303438325f525353
IQ_018,capture_018.iq,iq,200000.0,50000.0,4.0,8PSK,"CONV+RS(255,223)",8,40.5,30.9,PLAINTEXT,245,HF_MARITIME_VOICE_DIGITAL_SELECTIVE_CALL: MMSI_004192000_URGENCY_PRIORITY_CHANNEL_16HF_MARITIME_VOICE_DIGITAL_SELECTIVE_CALL: MMSI_004192000_URGENCY_PRIORITY_CHANNEL_16HF_MARITIME_VOICE_DIGITAL_SELECTIVE_CALL: MMSI_004192000_URGENCY_PRIORITY_CHA,48465f4d41524954494d455f564f4943455f4449474954414c5f53454c4543544956455f43414c4c3a204d4d53495f3030343139323030305f555247454e43595f5052494f524954595f4348414e4e454c5f313648465f4d41524954494d455f564f4943455f4449474954414c5f53454c4543544956455f43414c4c3a204d4d53495f3030343139323030305f555247454e43595f5052494f524954595f4348414e4e454c5f313648465f4d41524954494d455f564f4943455f4449474954414c5f53454c4543544956455f43414c4c3a204d4d53495f3030343139323030305f555247454e43595f5052494f524954595f434841
IQ_019,capture_019.iq,iq,250000.0,50000.0,5.0,16-QAM,LDPC,1,482.9,25.87,PLAINTEXT,92,UHF_SATCOM_DAMA_CHANNEL_BURST: TIME_SLOT_08_BURST_ID_7781_MODULATION_LOCKED_CRC32_OK_PKT_019,5548465f534154434f4d5f44414d415f4348414e4e454c5f42555253543a2054494d455f534c4f545f30385f42555253545f49445f373738315f4d4f44554c4154494f4e5f4c4f434b45445f43524333325f4f4b5f504b545f303139
IQ_020,capture_020.iq,iq,500000.0,50000.0,10.0,BPSK,NONE,1,-513.63,22.52,ENCRYPTED,64,,eb74385ba534605f943b36b6a7fc40c7c501d235b7f5d8ff45450509b43a2cef5ae524b141c2f76559fd4defbcf1e7b0b559a64d2e1774e6b8e058bef0476a0a
IQ_021,capture_021.iq,iq,200000.0,50000.0,4.0,QPSK,CONV,1,35.01,20.35,PLAINTEXT,95,ACARS_AERODROME_FLIGHT_IX204: POSITION_LAT_28.6139_LON_77.2090_ALT_34000FT_SPEED_480KTS_PKT_021,41434152535f4145524f44524f4d455f464c494748545f49583230343a20504f534954494f4e5f4c41545f32382e363133395f4c4f4e5f37372e323039305f414c545f333430303046545f53504545445f3438304b54535f504b545f303231
IQ_022,capture_022.iq,iq,250000.0,50000.0,5.0,8PSK,"RS(255,223)",8,126.97,30.34,PLAINTEXT,219,COSPAS_SARSAT_EMERGENCY_LOCATOR_HEX_A3F982B001: LAT_12.9716_LON_77.5946_STATUS_ACTIVECOSPAS_SARSAT_EMERGENCY_LOCATOR_HEX_A3F982B001: LAT_12.9716_LON_77.5946_STATUS_ACTIVECOSPAS_SARSAT_EMERGENCY_LOCATOR_HEX_A3F982B001: L,434f535041535f5341525341545f454d455247454e43595f4c4f4341544f525f4845585f413346393832423030313a204c41545f31322e393731365f4c4f4e5f37372e353934365f5354415455535f414354495645434f535041535f5341525341545f454d455247454e43595f4c4f4341544f525f4845585f413346393832423030313a204c41545f31322e393731365f4c4f4e5f37372e353934365f5354415455535f414354495645434f535041535f5341525341545f454d455247454e43595f4c4f4341544f525f4845585f413346393832423030313a204c
IQ_023,capture_023.iq,iq,500000.0,50000.0,10.0,16-QAM,"CONV+RS(255,223)",16,-654.53,30.55,PLAINTEXT,245,AIS_MARINE_SURVEILLANCE_MMSI_419000888: COURSE_270_SPEED_14_2KTS_CARGO_CONTAINER_VESSELAIS_MARINE_SURVEILLANCE_MMSI_419000888: COURSE_270_SPEED_14_2KTS_CARGO_CONTAINER_VESSELAIS_MARINE_SURVEILLANCE_MMSI_419000888: COURSE_270_SPEED_14_2KTS_CARGO_,4149535f4d4152494e455f5355525645494c4c414e43455f4d4d53495f3431393030303838383a20434f555253455f3237305f53504545445f31345f324b54535f434152474f5f434f4e5441494e45525f56455353454c4149535f4d4152494e455f5355525645494c4c414e43455f4d4d53495f3431393030303838383a20434f555253455f3237305f53504545445f31345f324b54535f434152474f5f434f4e5441494e45525f56455353454c4149535f4d4152494e455f5355525645494c4c414e43455f4d4d53495f3431393030303838383a20434f555253455f3237305f53504545445f31345f324b54535f434152474f5f
IQ_024,capture_024.iq,iq,200000.0,50000.0,4.0,BPSK,LDPC,1,-690.2,25.96,ENCRYPTED,64,,2b9945eb7670c27c91ad6829aa740ffee8eaa9083707c72c9bfada29ffd7d875c528b931b9b3c5f9bf26acab15dd439ed170ce7295b3b854eb9c6d48ee5e0a50
IQ_025,capture_025.iq,iq,250000.0,50000.0,5.0,QPSK,NONE,1,-675.86,26.71,PLAINTEXT,91,TELEMETRY_SUBSYSTEM_HK_PACKET_99: BATTERY_V_28_4_SOLAR_PWR_145W_CPU_TEMP_42C_BUS_OK_PKT_025,54454c454d455452595f53554253595354454d5f484b5f5041434b45545f39393a20424154544552595f565f32385f345f534f4c41525f5057525f313435575f4350555f54454d505f3432435f4255535f4f4b5f504b545f303235
IQ_026,capture_026.iq,iq,500000.0,50000.0,10.0,8PSK,CONV,1,385.68,26.53,PLAINTEXT,91,RADAR_TRACK_REPORT_AZ_045_EL_12_RNG_85KM: DOPPLER_FREQ_SHIFT_320HZ_CONFIRM_FRIENDLY_PKT_026,52414441525f545241434b5f5245504f52545f415a5f3034355f454c5f31325f524e475f38354b4d3a20444f50504c45525f465245515f53484946545f333230485a5f434f4e4649524d5f465249454e444c595f504b545f303236
IQ_027,capture_027.iq,iq,200000.0,50000.0,4.0,16-QAM,"RS(255,223)",16,428.82,30.07,PLAINTEXT,219,GROUND_STATION_TELEMETRY_LINK_SYNC: FRAME_SEQ_10482_RSSI_NEG72DBM_SNR_24DB_LOCK_OKGROUND_STATION_TELEMETRY_LINK_SYNC: FRAME_SEQ_10482_RSSI_NEG72DBM_SNR_24DB_LOCK_OKGROUND_STATION_TELEMETRY_LINK_SYNC: FRAME_SEQ_10482_RSS,47524f554e445f53544154494f4e5f54454c454d455452595f4c494e4b5f53594e433a204652414d455f5345515f31303438325f525353495f4e4547373244424d5f534e525f323444425f4c4f434b5f4f4b47524f554e445f53544154494f4e5f54454c454d455452595f4c494e4b5f53594e433a204652414d455f5345515f31303438325f525353495f4e4547373244424d5f534e525f323444425f4c4f434b5f4f4b47524f554e445f53544154494f4e5f54454c454d455452595f4c494e4b5f53594e433a204652414d455f5345515f31303438325f525353
IQ_028,capture_028.iq,iq,250000.0,50000.0,5.0,2-FSK,"CONV+RS(255,223)",1,621.56,26.49,ENCRYPTED,64,,c33f06b759b3e5cfbcc7c13fadb2d770f55947c9f276bc38379021571fc19db0b8150a147b02ff4f5ee8bb5d1ea22a878e23e030973c3dee478009c7157015e3
IQ_029,capture_029.iq,iq,500000.0,50000.0,10.0,4-FSK,LDPC,1,-433.21,24.34,PLAINTEXT,92,UHF_SATCOM_DAMA_CHANNEL_BURST: TIME_SLOT_08_BURST_ID_7781_MODULATION_LOCKED_CRC32_OK_PKT_029,5548465f534154434f4d5f44414d415f4348414e4e454c5f42555253543a2054494d455f534c4f545f30385f42555253545f49445f373738315f4d4f44554c4154494f4e5f4c4f434b45445f43524333325f4f4b5f504b545f303239
IQ_030,capture_030.iq,iq,200000.0,50000.0,4.0,2-FSK,NONE,1,24.32,23.46,PLAINTEXT,94,TACTICAL_SITREP_UNIT_ALPHA_7: SECTOR_BRAVO_RECON_COMPLETED_STATUS_GREEN_ALL_SYSTEMS_GO_PKT_030,544143544943414c5f5349545245505f554e49545f414c5048415f373a20534543544f525f425241564f5f5245434f4e5f434f4d504c455445445f5354415455535f475245454e5f414c4c5f53595354454d535f474f5f504b545f303330
IQ_031,capture_031.iq,iq,250000.0,50000.0,5.0,4-FSK,CONV,1,-281.58,18.73,PLAINTEXT,95,ACARS_AERODROME_FLIGHT_IX204: POSITION_LAT_28.6139_LON_77.2090_ALT_34000FT_SPEED_480KTS_PKT_031,41434152535f4145524f44524f4d455f464c494748545f49583230343a20504f534954494f4e5f4c41545f32382e363133395f4c4f4e5f37372e323039305f414c545f333430303046545f53504545445f3438304b54535f504b545f303331
IQ_032,capture_032.iq,iq,500000.0,50000.0,10.0,BPSK,"RS(255,223)",1,-198.26,31.31,ENCRYPTED,64,,c1d90039854398142e555f632b6b9aedf7f9481a08a7e774937efccf905b478bf23901f281a51a1d4deadf82c789d787fcf15aff608f342650e863e596ceb69d
IQ_033,capture_033.iq,iq,200000.0,50000.0,4.0,QPSK,"CONV+RS(255,223)",4,542.62,29.03,PLAINTEXT,245,AIS_MARINE_SURVEILLANCE_MMSI_419000888: COURSE_270_SPEED_14_2KTS_CARGO_CONTAINER_VESSELAIS_MARINE_SURVEILLANCE_MMSI_419000888: COURSE_270_SPEED_14_2KTS_CARGO_CONTAINER_VESSELAIS_MARINE_SURVEILLANCE_MMSI_419000888: COURSE_270_SPEED_14_2KTS_CARGO_,4149535f4d4152494e455f5355525645494c4c414e43455f4d4d53495f3431393030303838383a20434f555253455f3237305f53504545445f31345f324b54535f434152474f5f434f4e5441494e45525f56455353454c4149535f4d4152494e455f5355525645494c4c414e43455f4d4d53495f3431393030303838383a20434f555253455f3237305f53504545445f31345f324b54535f434152474f5f434f4e5441494e45525f56455353454c4149535f4d4152494e455f5355525645494c4c414e43455f4d4d53495f3431393030303838383a20434f555253455f3237305f53504545445f31345f324b54535f434152474f5f
IQ_034,capture_034.iq,iq,250000.0,50000.0,5.0,8PSK,LDPC,1,145.87,26.55,PLAINTEXT,95,WEATHER_OBSERVATION_METAR_VEGT: WIND_120_10KT_VIS_9999_SKC_TEMP_28_DP_22_QNH_1012_NOSIG_PKT_034,574541544845525f4f42534552564154494f4e5f4d455441525f564547543a2057494e445f3132305f31304b545f5649535f393939395f534b435f54454d505f32385f44505f32325f514e485f313031325f4e4f5349475f504b545f303334
IQ_035,capture_035.iq,iq,500000.0,50000.0,10.0,16-QAM,NONE,1,-388.39,28.88,PLAINTEXT,91,TELEMETRY_SUBSYSTEM_HK_PACKET_99: BATTERY_V_28_4_SOLAR_PWR_145W_CPU_TEMP_42C_BUS_OK_PKT_035,54454c454d455452595f53554253595354454d5f484b5f5041434b45545f39393a20424154544552595f565f32385f345f534f4c41525f5057525f313435575f4350555f54454d505f3432435f4255535f4f4b5f504b545f303335
IQ_036,capture_036.iq,iq,200000.0,50000.0,4.0,BPSK,CONV,1,-779.86,27.65,ENCRYPTED,64,,68943e43e422c247220e5dcdeb46a72e81630341351f1b023b217fcf78e41a68b781cdff3ed919b8d38d0521ab35e857947531ebc03c01690c057a1ed0a613f1
IQ_037,capture_037.iq,iq,250000.0,50000.0,5.0,QPSK,"RS(255,223)",4,-631.65,25.69,PLAINTEXT,219,GROUND_STATION_TELEMETRY_LINK_SYNC: FRAME_SEQ_10482_RSSI_NEG72DBM_SNR_24DB_LOCK_OKGROUND_STATION_TELEMETRY_LINK_SYNC: FRAME_SEQ_10482_RSSI_NEG72DBM_SNR_24DB_LOCK_OKGROUND_STATION_TELEMETRY_LINK_SYNC: FRAME_SEQ_10482_RSS,47524f554e445f53544154494f4e5f54454c454d455452595f4c494e4b5f53594e433a204652414d455f5345515f31303438325f525353495f4e4547373244424d5f534e525f323444425f4c4f434b5f4f4b47524f554e445f53544154494f4e5f54454c454d455452595f4c494e4b5f53594e433a204652414d455f5345515f31303438325f525353495f4e4547373244424d5f534e525f323444425f4c4f434b5f4f4b47524f554e445f53544154494f4e5f54454c454d455452595f4c494e4b5f53594e433a204652414d455f5345515f31303438325f525353
IQ_038,capture_038.iq,iq,500000.0,50000.0,10.0,8PSK,"CONV+RS(255,223)",8,192.55,22.2,PLAINTEXT,245,HF_MARITIME_VOICE_DIGITAL_SELECTIVE_CALL: MMSI_004192000_URGENCY_PRIORITY_CHANNEL_16HF_MARITIME_VOICE_DIGITAL_SELECTIVE_CALL: MMSI_004192000_URGENCY_PRIORITY_CHANNEL_16HF_MARITIME_VOICE_DIGITAL_SELECTIVE_CALL: MMSI_004192000_URGENCY_PRIORITY_CHA,48465f4d41524954494d455f564f4943455f4449474954414c5f53454c4543544956455f43414c4c3a204d4d53495f3030343139323030305f555247454e43595f5052494f524954595f4348414e4e454c5f313648465f4d41524954494d455f564f4943455f4449474954414c5f53454c4543544956455f43414c4c3a204d4d53495f3030343139323030305f555247454e43595f5052494f524954595f4348414e4e454c5f313648465f4d41524954494d455f564f4943455f4449474954414c5f53454c4543544956455f43414c4c3a204d4d53495f3030343139323030305f555247454e43595f5052494f524954595f434841
IQ_039,capture_039.iq,iq,200000.0,50000.0,4.0,16-QAM,LDPC,1,282.96,29.56,PLAINTEXT,92,UHF_SATCOM_DAMA_CHANNEL_BURST: TIME_SLOT_08_BURST_ID_7781_MODULATION_LOCKED_CRC32_OK_PKT_039,5548465f534154434f4d5f44414d415f4348414e4e454c5f42555253543a2054494d455f534c4f545f30385f42555253545f49445f373738315f4d4f44554c4154494f4e5f4c4f434b45445f43524333325f4f4b5f504b545f303339
IQ_040,capture_040.iq,iq,250000.0,50000.0,5.0,BPSK,NONE,1,132.42,23.62,ENCRYPTED,64,,03b9dec877c7de30b45ab7bfa9bf33cb4841d17350d8bba26bd584794f5e62f17a19d269050ec346f11df048785f96f474d954987629d7c225fdfbccddbd9669
IQ_041,capture_041.iq,iq,500000.0,50000.0,10.0,QPSK,CONV,1,104.31,21.24,PLAINTEXT,95,ACARS_AERODROME_FLIGHT_IX204: POSITION_LAT_28.6139_LON_77.2090_ALT_34000FT_SPEED_480KTS_PKT_041,41434152535f4145524f44524f4d455f464c494748545f49583230343a20504f534954494f4e5f4c41545f32382e363133395f4c4f4e5f37372e323039305f414c545f333430303046545f53504545445f3438304b54535f504b545f303431
IQ_042,capture_042.iq,iq,200000.0,50000.0,4.0,8PSK,"RS(255,223)",8,-623.98,19.32,PLAINTEXT,219,COSPAS_SARSAT_EMERGENCY_LOCATOR_HEX_A3F982B001: LAT_12.9716_LON_77.5946_STATUS_ACTIVECOSPAS_SARSAT_EMERGENCY_LOCATOR_HEX_A3F982B001: LAT_12.9716_LON_77.5946_STATUS_ACTIVECOSPAS_SARSAT_EMERGENCY_LOCATOR_HEX_A3F982B001: L,434f535041535f5341525341545f454d455247454e43595f4c4f4341544f525f4845585f413346393832423030313a204c41545f31322e393731365f4c4f4e5f37372e353934365f5354415455535f414354495645434f535041535f5341525341545f454d455247454e43595f4c4f4341544f525f4845585f413346393832423030313a204c41545f31322e393731365f4c4f4e5f37372e353934365f5354415455535f414354495645434f535041535f5341525341545f454d455247454e43595f4c4f4341544f525f4845585f413346393832423030313a204c
IQ_043,capture_043.iq,iq,250000.0,50000.0,5.0,16-QAM,"CONV+RS(255,223)",16,-492.6,22.46,PLAINTEXT,245,AIS_MARINE_SURVEILLANCE_MMSI_419000888: COURSE_270_SPEED_14_2KTS_CARGO_CONTAINER_VESSELAIS_MARINE_SURVEILLANCE_MMSI_419000888: COURSE_270_SPEED_14_2KTS_CARGO_CONTAINER_VESSELAIS_MARINE_SURVEILLANCE_MMSI_419000888: COURSE_270_SPEED_14_2KTS_CARGO_,4149535f4d4152494e455f5355525645494c4c414e43455f4d4d53495f3431393030303838383a20434f555253455f3237305f53504545445f31345f324b54535f434152474f5f434f4e5441494e45525f56455353454c4149535f4d4152494e455f5355525645494c4c414e43455f4d4d53495f3431393030303838383a20434f555253455f3237305f53504545445f31345f324b54535f434152474f5f434f4e5441494e45525f56455353454c4149535f4d4152494e455f5355525645494c4c414e43455f4d4d53495f3431393030303838383a20434f555253455f3237305f53504545445f31345f324b54535f434152474f5f
IQ_044,capture_044.iq,iq,500000.0,50000.0,10.0,2-FSK,LDPC,1,-484.58,20.2,ENCRYPTED,64,,92bdc38ea5458e75b663a8c1a6d0027da087f8765f349d3a33ed864e7930055a01fdecb1a0e88f055e863b99965f973b74c3dfcab09177d5e82f89480d4f2793
IQ_045,capture_045.iq,iq,200000.0,50000.0,4.0,4-FSK,NONE,1,-471.43,19.88,PLAINTEXT,91,TELEMETRY_SUBSYSTEM_HK_PACKET_99: BATTERY_V_28_4_SOLAR_PWR_145W_CPU_TEMP_42C_BUS_OK_PKT_045,54454c454d455452595f53554253595354454d5f484b5f5041434b45545f39393a20424154544552595f565f32385f345f534f4c41525f5057525f313435575f4350555f54454d505f3432435f4255535f4f4b5f504b545f303435
IQ_046,capture_046.iq,iq,250000.0,50000.0,5.0,2-FSK,CONV,1,-630.37,23.91,PLAINTEXT,91,RADAR_TRACK_REPORT_AZ_045_EL_12_RNG_85KM: DOPPLER_FREQ_SHIFT_320HZ_CONFIRM_FRIENDLY_PKT_046,52414441525f545241434b5f5245504f52545f415a5f3034355f454c5f31325f524e475f38354b4d3a20444f50504c45525f465245515f53484946545f333230485a5f434f4e4649524d5f465249454e444c595f504b545f303436
IQ_047,capture_047.iq,iq,500000.0,50000.0,10.0,4-FSK,"RS(255,223)",16,-290.42,23.53,PLAINTEXT,219,GROUND_STATION_TELEMETRY_LINK_SYNC: FRAME_SEQ_10482_RSSI_NEG72DBM_SNR_24DB_LOCK_OKGROUND_STATION_TELEMETRY_LINK_SYNC: FRAME_SEQ_10482_RSSI_NEG72DBM_SNR_24DB_LOCK_OKGROUND_STATION_TELEMETRY_LINK_SYNC: FRAME_SEQ_10482_RSS,47524f554e445f53544154494f4e5f54454c454d455452595f4c494e4b5f53594e433a204652414d455f5345515f31303438325f525353495f4e4547373244424d5f534e525f323444425f4c4f434b5f4f4b47524f554e445f53544154494f4e5f54454c454d455452595f4c494e4b5f53594e433a204652414d455f5345515f31303438325f525353495f4e4547373244424d5f534e525f323444425f4c4f434b5f4f4b47524f554e445f53544154494f4e5f54454c454d455452595f4c494e4b5f53594e433a204652414d455f5345515f31303438325f525353
IQ_048,capture_048.iq,iq,200000.0,50000.0,4.0,BPSK,"CONV+RS(255,223)",1,-633.72,21.37,ENCRYPTED,64,,92edf0d46987ecdf4516d59cd50185292df27b207bba97f081f028cc27c45dacbe72a46ca2d25925d5a08d371a44967c82d9d85dbc41f0df01c9ca42bbd7cbaf
IQ_049,capture_049.iq,iq,250000.0,50000.0,5.0,QPSK,LDPC,1,405.19,23.18,PLAINTEXT,92,UHF_SATCOM_DAMA_CHANNEL_BURST: TIME_SLOT_08_BURST_ID_7781_MODULATION_LOCKED_CRC32_OK_PKT_049,5548465f534154434f4d5f44414d415f4348414e4e454c5f42555253543a2054494d455f534c4f545f30385f42555253545f49445f373738315f4d4f44554c4154494f4e5f4c4f434b45445f43524333325f4f4b5f504b545f303439
IQ_050,capture_050.iq,iq,500000.0,50000.0,10.0,8PSK,NONE,1,-395.56,30.35,PLAINTEXT,94,TACTICAL_SITREP_UNIT_ALPHA_7: SECTOR_BRAVO_RECON_COMPLETED_STATUS_GREEN_ALL_SYSTEMS_GO_PKT_050,544143544943414c5f5349545245505f554e49545f414c5048415f373a20534543544f525f425241564f5f5245434f4e5f434f4d504c455445445f5354415455535f475245454e5f414c4c5f53595354454d535f474f5f504b545f303530
IQ_051,capture_051.iq,iq,200000.0,50000.0,4.0,16-QAM,CONV,1,-510.16,19.19,PLAINTEXT,95,ACARS_AERODROME_FLIGHT_IX204: POSITION_LAT_28.6139_LON_77.2090_ALT_34000FT_SPEED_480KTS_PKT_051,41434152535f4145524f44524f4d455f464c494748545f49583230343a20504f534954494f4e5f4c41545f32382e363133395f4c4f4e5f37372e323039305f414c545f333430303046545f53504545445f3438304b54535f504b545f303531
IQ_052,capture_052.iq,iq,250000.0,50000.0,5.0,BPSK,"RS(255,223)",1,-309.81,29.37,ENCRYPTED,64,,b274c3c8d651aa7294ee457786d62078f9e893fbeada1969a248a0d977360ac2cead2a7040d1f03bb7cbd42469e272d5bbdabaaf39fbac41b95cc6574e61aec1
IQ_053,capture_053.iq,iq,500000.0,50000.0,10.0,QPSK,"CONV+RS(255,223)",4,113.87,19.67,PLAINTEXT,245,AIS_MARINE_SURVEILLANCE_MMSI_419000888: COURSE_270_SPEED_14_2KTS_CARGO_CONTAINER_VESSELAIS_MARINE_SURVEILLANCE_MMSI_419000888: COURSE_270_SPEED_14_2KTS_CARGO_CONTAINER_VESSELAIS_MARINE_SURVEILLANCE_MMSI_419000888: COURSE_270_SPEED_14_2KTS_CARGO_,4149535f4d4152494e455f5355525645494c4c414e43455f4d4d53495f3431393030303838383a20434f555253455f3237305f53504545445f31345f324b54535f434152474f5f434f4e5441494e45525f56455353454c4149535f4d4152494e455f5355525645494c4c414e43455f4d4d53495f3431393030303838383a20434f555253455f3237305f53504545445f31345f324b54535f434152474f5f434f4e5441494e45525f56455353454c4149535f4d4152494e455f5355525645494c4c414e43455f4d4d53495f3431393030303838383a20434f555253455f3237305f53504545445f31345f324b54535f434152474f5f
IQ_054,capture_054.iq,iq,200000.0,50000.0,4.0,8PSK,LDPC,1,-776.77,29.52,PLAINTEXT,95,WEATHER_OBSERVATION_METAR_VEGT: WIND_120_10KT_VIS_9999_SKC_TEMP_28_DP_22_QNH_1012_NOSIG_PKT_054,574541544845525f4f42534552564154494f4e5f4d455441525f564547543a2057494e445f3132305f31304b545f5649535f393939395f534b435f54454d505f32385f44505f32325f514e485f313031325f4e4f5349475f504b545f303534
IQ_055,capture_055.iq,iq,250000.0,50000.0,5.0,16-QAM,NONE,1,-762.05,25.69,PLAINTEXT,91,TELEMETRY_SUBSYSTEM_HK_PACKET_99: BATTERY_V_28_4_SOLAR_PWR_145W_CPU_TEMP_42C_BUS_OK_PKT_055,54454c454d455452595f53554253595354454d5f484b5f5041434b45545f39393a20424154544552595f565f32385f345f534f4c41525f5057525f313435575f4350555f54454d505f3432435f4255535f4f4b5f504b545f303535
IQ_056,capture_056.iq,iq,500000.0,50000.0,10.0,BPSK,CONV,1,210.42,22.84,ENCRYPTED,64,,02edbad9fa8edd3877cea2569db69d1bc963fa3cbd089f46fba359834cdb1f11dcc4348a09fe162e9381da83915eadc690516df86997f19a2716d28ef58e5332
IQ_057,capture_057.iq,iq,200000.0,50000.0,4.0,QPSK,"RS(255,223)",4,284.94,28.37,PLAINTEXT,219,GROUND_STATION_TELEMETRY_LINK_SYNC: FRAME_SEQ_10482_RSSI_NEG72DBM_SNR_24DB_LOCK_OKGROUND_STATION_TELEMETRY_LINK_SYNC: FRAME_SEQ_10482_RSSI_NEG72DBM_SNR_24DB_LOCK_OKGROUND_STATION_TELEMETRY_LINK_SYNC: FRAME_SEQ_10482_RSS,47524f554e445f53544154494f4e5f54454c454d455452595f4c494e4b5f53594e433a204652414d455f5345515f31303438325f525353495f4e4547373244424d5f534e525f323444425f4c4f434b5f4f4b47524f554e445f53544154494f4e5f54454c454d455452595f4c494e4b5f53594e433a204652414d455f5345515f31303438325f525353495f4e4547373244424d5f534e525f323444425f4c4f434b5f4f4b47524f554e445f53544154494f4e5f54454c454d455452595f4c494e4b5f53594e433a204652414d455f5345515f31303438325f525353
IQ_058,capture_058.iq,iq,250000.0,50000.0,5.0,8PSK,"CONV+RS(255,223)",8,75.77,26.89,PLAINTEXT,245,HF_MARITIME_VOICE_DIGITAL_SELECTIVE_CALL: MMSI_004192000_URGENCY_PRIORITY_CHANNEL_16HF_MARITIME_VOICE_DIGITAL_SELECTIVE_CALL: MMSI_004192000_URGENCY_PRIORITY_CHANNEL_16HF_MARITIME_VOICE_DIGITAL_SELECTIVE_CALL: MMSI_004192000_URGENCY_PRIORITY_CHA,48465f4d41524954494d455f564f4943455f4449474954414c5f53454c4543544956455f43414c4c3a204d4d53495f3030343139323030305f555247454e43595f5052494f524954595f4348414e4e454c5f313648465f4d41524954494d455f564f4943455f4449474954414c5f53454c4543544956455f43414c4c3a204d4d53495f3030343139323030305f555247454e43595f5052494f524954595f4348414e4e454c5f313648465f4d41524954494d455f564f4943455f4449474954414c5f53454c4543544956455f43414c4c3a204d4d53495f3030343139323030305f555247454e43595f5052494f524954595f434841
IQ_059,capture_059.iq,iq,500000.0,50000.0,10.0,16-QAM,LDPC,1,-241.61,28.67,PLAINTEXT,92,UHF_SATCOM_DAMA_CHANNEL_BURST: TIME_SLOT_08_BURST_ID_7781_MODULATION_LOCKED_CRC32_OK_PKT_059,5548465f534154434f4d5f44414d415f4348414e4e454c5f42555253543a2054494d455f534c4f545f30385f42555253545f49445f373738315f4d4f44554c4154494f4e5f4c4f434b45445f43524333325f4f4b5f504b545f303539
IQ_060,capture_060.iq,iq,200000.0,50000.0,4.0,2-FSK,NONE,1,417.39,31.81,ENCRYPTED,64,,b4d1d046df1a63201dd742b72e0aa77d01ee3a8d37e67ff95fe92016373a24005918ced049273812f6ad4117fbc3eada436a07f95d602b06cf7fa5ad6740fe8a
IQ_061,capture_061.iq,iq,250000.0,50000.0,5.0,4-FSK,CONV,1,-1.63,20.62,PLAINTEXT,95,ACARS_AERODROME_FLIGHT_IX204: POSITION_LAT_28.6139_LON_77.2090_ALT_34000FT_SPEED_480KTS_PKT_061,41434152535f4145524f44524f4d455f464c494748545f49583230343a20504f534954494f4e5f4c41545f32382e363133395f4c4f4e5f37372e323039305f414c545f333430303046545f53504545445f3438304b54535f504b545f303631
IQ_062,capture_062.iq,iq,500000.0,50000.0,10.0,2-FSK,"RS(255,223)",8,-277.38,30.78,PLAINTEXT,219,COSPAS_SARSAT_EMERGENCY_LOCATOR_HEX_A3F982B001: LAT_12.9716_LON_77.5946_STATUS_ACTIVECOSPAS_SARSAT_EMERGENCY_LOCATOR_HEX_A3F982B001: LAT_12.9716_LON_77.5946_STATUS_ACTIVECOSPAS_SARSAT_EMERGENCY_LOCATOR_HEX_A3F982B001: L,434f535041535f5341525341545f454d455247454e43595f4c4f4341544f525f4845585f413346393832423030313a204c41545f31322e393731365f4c4f4e5f37372e353934365f5354415455535f414354495645434f535041535f5341525341545f454d455247454e43595f4c4f4341544f525f4845585f413346393832423030313a204c41545f31322e393731365f4c4f4e5f37372e353934365f5354415455535f414354495645434f535041535f5341525341545f454d455247454e43595f4c4f4341544f525f4845585f413346393832423030313a204c
IQ_063,capture_063.iq,iq,200000.0,50000.0,4.0,4-FSK,"CONV+RS(255,223)",16,582.0,23.38,PLAINTEXT,245,AIS_MARINE_SURVEILLANCE_MMSI_419000888: COURSE_270_SPEED_14_2KTS_CARGO_CONTAINER_VESSELAIS_MARINE_SURVEILLANCE_MMSI_419000888: COURSE_270_SPEED_14_2KTS_CARGO_CONTAINER_VESSELAIS_MARINE_SURVEILLANCE_MMSI_419000888: COURSE_270_SPEED_14_2KTS_CARGO_,4149535f4d4152494e455f5355525645494c4c414e43455f4d4d53495f3431393030303838383a20434f555253455f3237305f53504545445f31345f324b54535f434152474f5f434f4e5441494e45525f56455353454c4149535f4d4152494e455f5355525645494c4c414e43455f4d4d53495f3431393030303838383a20434f555253455f3237305f53504545445f31345f324b54535f434152474f5f434f4e5441494e45525f56455353454c4149535f4d4152494e455f5355525645494c4c414e43455f4d4d53495f3431393030303838383a20434f555253455f3237305f53504545445f31345f324b54535f434152474f5f
IQ_064,capture_064.iq,iq,250000.0,50000.0,5.0,BPSK,LDPC,1,-91.12,24.54,ENCRYPTED,64,,f880b3c8c39d9d0b8ef9894a393e15c1e79e0ea33a81e8409e782a03c49cf246873bf79d9b2486f6c691f0ab92dea33c71b3d1f6b3424caa12bf4680bf3a318d
IQ_065,capture_065.iq,iq,500000.0,50000.0,10.0,QPSK,NONE,1,33.02,18.82,PLAINTEXT,91,TELEMETRY_SUBSYSTEM_HK_PACKET_99: BATTERY_V_28_4_SOLAR_PWR_145W_CPU_TEMP_42C_BUS_OK_PKT_065,54454c454d455452595f53554253595354454d5f484b5f5041434b45545f39393a20424154544552595f565f32385f345f534f4c41525f5057525f313435575f4350555f54454d505f3432435f4255535f4f4b5f504b545f303635
IQ_066,capture_066.iq,iq,200000.0,50000.0,4.0,8PSK,CONV,1,206.09,19.54,PLAINTEXT,91,RADAR_TRACK_REPORT_AZ_045_EL_12_RNG_85KM: DOPPLER_FREQ_SHIFT_320HZ_CONFIRM_FRIENDLY_PKT_066,52414441525f545241434b5f5245504f52545f415a5f3034355f454c5f31325f524e475f38354b4d3a20444f50504c45525f465245515f53484946545f333230485a5f434f4e4649524d5f465249454e444c595f504b545f303636
IQ_067,capture_067.iq,iq,250000.0,50000.0,5.0,16-QAM,"RS(255,223)",16,-104.77,29.04,PLAINTEXT,219,GROUND_STATION_TELEMETRY_LINK_SYNC: FRAME_SEQ_10482_RSSI_NEG72DBM_SNR_24DB_LOCK_OKGROUND_STATION_TELEMETRY_LINK_SYNC: FRAME_SEQ_10482_RSSI_NEG72DBM_SNR_24DB_LOCK_OKGROUND_STATION_TELEMETRY_LINK_SYNC: FRAME_SEQ_10482_RSS,47524f554e445f53544154494f4e5f54454c454d455452595f4c494e4b5f53594e433a204652414d455f5345515f31303438325f525353495f4e4547373244424d5f534e525f323444425f4c4f434b5f4f4b47524f554e445f53544154494f4e5f54454c454d455452595f4c494e4b5f53594e433a204652414d455f5345515f31303438325f525353495f4e4547373244424d5f534e525f323444425f4c4f434b5f4f4b47524f554e445f53544154494f4e5f54454c454d455452595f4c494e4b5f53594e433a204652414d455f5345515f31303438325f525353
IQ_068,capture_068.iq,iq,500000.0,50000.0,10.0,BPSK,"CONV+RS(255,223)",1,56.99,27.7,ENCRYPTED,64,,f5f0a2ca967f932716202cc8962482ce470a4bf812cfaa57140b362a19d5db4441fefcb37c963c7bd37f9157628e60b49edb83ba81856b90d6f1bdf39e8a32c3
IQ_069,capture_069.iq,iq,200000.0,50000.0,4.0,QPSK,LDPC,1,152.27,31.58,PLAINTEXT,92,UHF_SATCOM_DAMA_CHANNEL_BURST: TIME_SLOT_08_BURST_ID_7781_MODULATION_LOCKED_CRC32_OK_PKT_069,5548465f534154434f4d5f44414d415f4348414e4e454c5f42555253543a2054494d455f534c4f545f30385f42555253545f49445f373738315f4d4f44554c4154494f4e5f4c4f434b45445f43524333325f4f4b5f504b545f303639
IQ_070,capture_070.iq,iq,250000.0,50000.0,5.0,8PSK,NONE,1,578.97,26.4,PLAINTEXT,94,TACTICAL_SITREP_UNIT_ALPHA_7: SECTOR_BRAVO_RECON_COMPLETED_STATUS_GREEN_ALL_SYSTEMS_GO_PKT_070,544143544943414c5f5349545245505f554e49545f414c5048415f373a20534543544f525f425241564f5f5245434f4e5f434f4d504c455445445f5354415455535f475245454e5f414c4c5f53595354454d535f474f5f504b545f303730
IQ_071,capture_071.iq,iq,500000.0,50000.0,10.0,16-QAM,CONV,1,659.11,26.94,PLAINTEXT,95,ACARS_AERODROME_FLIGHT_IX204: POSITION_LAT_28.6139_LON_77.2090_ALT_34000FT_SPEED_480KTS_PKT_071,41434152535f4145524f44524f4d455f464c494748545f49583230343a20504f534954494f4e5f4c41545f32382e363133395f4c4f4e5f37372e323039305f414c545f333430303046545f53504545445f3438304b54535f504b545f303731
IQ_072,capture_072.iq,iq,200000.0,50000.0,4.0,BPSK,"RS(255,223)",1,-307.51,30.04,ENCRYPTED,64,,02e28a5a353ad9a5d11e6bbca83ad0679e0ce31e0df2e46ea5f895173b37b2b264f5656f8654d5fdaa49359aeb6c3160342852f8dc9ccef56880f9eb7455d274
IQ_073,capture_073.iq,iq,250000.0,50000.0,5.0,QPSK,"CONV+RS(255,223)",4,416.52,23.14,PLAINTEXT,245,AIS_MARINE_SURVEILLANCE_MMSI_419000888: COURSE_270_SPEED_14_2KTS_CARGO_CONTAINER_VESSELAIS_MARINE_SURVEILLANCE_MMSI_419000888: COURSE_270_SPEED_14_2KTS_CARGO_CONTAINER_VESSELAIS_MARINE_SURVEILLANCE_MMSI_419000888: COURSE_270_SPEED_14_2KTS_CARGO_,4149535f4d4152494e455f5355525645494c4c414e43455f4d4d53495f3431393030303838383a20434f555253455f3237305f53504545445f31345f324b54535f434152474f5f434f4e5441494e45525f56455353454c4149535f4d4152494e455f5355525645494c4c414e43455f4d4d53495f3431393030303838383a20434f555253455f3237305f53504545445f31345f324b54535f434152474f5f434f4e5441494e45525f56455353454c4149535f4d4152494e455f5355525645494c4c414e43455f4d4d53495f3431393030303838383a20434f555253455f3237305f53504545445f31345f324b54535f434152474f5f
IQ_074,capture_074.iq,iq,500000.0,50000.0,10.0,8PSK,LDPC,1,633.43,19.47,PLAINTEXT,95,WEATHER_OBSERVATION_METAR_VEGT: WIND_120_10KT_VIS_9999_SKC_TEMP_28_DP_22_QNH_1012_NOSIG_PKT_074,574541544845525f4f42534552564154494f4e5f4d455441525f564547543a2057494e445f3132305f31304b545f5649535f393939395f534b435f54454d505f32385f44505f32325f514e485f313031325f4e4f5349475f504b545f303734
IQ_075,capture_075.iq,iq,200000.0,50000.0,4.0,16-QAM,NONE,1,-718.97,19.51,PLAINTEXT,91,TELEMETRY_SUBSYSTEM_HK_PACKET_99: BATTERY_V_28_4_SOLAR_PWR_145W_CPU_TEMP_42C_BUS_OK_PKT_075,54454c454d455452595f53554253595354454d5f484b5f5041434b45545f39393a20424154544552595f565f32385f345f534f4c41525f5057525f313435575f4350555f54454d505f3432435f4255535f4f4b5f504b545f303735
IQ_076,capture_076.iq,iq,250000.0,50000.0,5.0,2-FSK,CONV,1,349.41,25.96,ENCRYPTED,64,,22857ff0f8ec04b8138f545f391a35424d3e47daffd0de386a269194a33bdd1d38edb7e43c52b30355cc6959e66ca28f5eefcd7159e90cb67ae30814d1a67162
IQ_077,capture_077.iq,iq,500000.0,50000.0,10.0,4-FSK,"RS(255,223)",4,523.22,29.3,PLAINTEXT,219,GROUND_STATION_TELEMETRY_LINK_SYNC: FRAME_SEQ_10482_RSSI_NEG72DBM_SNR_24DB_LOCK_OKGROUND_STATION_TELEMETRY_LINK_SYNC: FRAME_SEQ_10482_RSSI_NEG72DBM_SNR_24DB_LOCK_OKGROUND_STATION_TELEMETRY_LINK_SYNC: FRAME_SEQ_10482_RSS,47524f554e445f53544154494f4e5f54454c454d455452595f4c494e4b5f53594e433a204652414d455f5345515f31303438325f525353495f4e4547373244424d5f534e525f323444425f4c4f434b5f4f4b47524f554e445f53544154494f4e5f54454c454d455452595f4c494e4b5f53594e433a204652414d455f5345515f31303438325f525353495f4e4547373244424d5f534e525f323444425f4c4f434b5f4f4b47524f554e445f53544154494f4e5f54454c454d455452595f4c494e4b5f53594e433a204652414d455f5345515f31303438325f525353
IQ_078,capture_078.iq,iq,200000.0,50000.0,4.0,2-FSK,"CONV+RS(255,223)",8,378.98,27.12,PLAINTEXT,245,HF_MARITIME_VOICE_DIGITAL_SELECTIVE_CALL: MMSI_004192000_URGENCY_PRIORITY_CHANNEL_16HF_MARITIME_VOICE_DIGITAL_SELECTIVE_CALL: MMSI_004192000_URGENCY_PRIORITY_CHANNEL_16HF_MARITIME_VOICE_DIGITAL_SELECTIVE_CALL: MMSI_004192000_URGENCY_PRIORITY_CHA,48465f4d41524954494d455f564f4943455f4449474954414c5f53454c4543544956455f43414c4c3a204d4d53495f3030343139323030305f555247454e43595f5052494f524954595f4348414e4e454c5f313648465f4d41524954494d455f564f4943455f4449474954414c5f53454c4543544956455f43414c4c3a204d4d53495f3030343139323030305f555247454e43595f5052494f524954595f4348414e4e454c5f313648465f4d41524954494d455f564f4943455f4449474954414c5f53454c4543544956455f43414c4c3a204d4d53495f3030343139323030305f555247454e43595f5052494f524954595f434841
IQ_079,capture_079.iq,iq,250000.0,50000.0,5.0,4-FSK,LDPC,1,262.38,22.03,PLAINTEXT,92,UHF_SATCOM_DAMA_CHANNEL_BURST: TIME_SLOT_08_BURST_ID_7781_MODULATION_LOCKED_CRC32_OK_PKT_079,5548465f534154434f4d5f44414d415f4348414e4e454c5f42555253543a2054494d455f534c4f545f30385f42555253545f49445f373738315f4d4f44554c4154494f4e5f4c4f434b45445f43524333325f4f4b5f504b545f303739
IQ_080,capture_080.iq,iq,500000.0,50000.0,10.0,BPSK,NONE,1,551.84,19.64,ENCRYPTED,64,,7d0c0ae2a683291a333b95f5fa4c55bfb5f4ebb407da9ba3b6112b496154d425073206c6a1afec952e27817b812b4c69c7c6af2ccd969571330f4f21de6b2fa7
IQ_081,capture_081.iq,iq,200000.0,50000.0,4.0,QPSK,CONV,1,29.68,18.68,PLAINTEXT,95,ACARS_AERODROME_FLIGHT_IX204: POSITION_LAT_28.6139_LON_77.2090_ALT_34000FT_SPEED_480KTS_PKT_081,41434152535f4145524f44524f4d455f464c494748545f49583230343a20504f534954494f4e5f4c41545f32382e363133395f4c4f4e5f37372e323039305f414c545f333430303046545f53504545445f3438304b54535f504b545f303831
IQ_082,capture_082.iq,iq,250000.0,50000.0,5.0,8PSK,"RS(255,223)",8,-553.24,24.23,PLAINTEXT,219,COSPAS_SARSAT_EMERGENCY_LOCATOR_HEX_A3F982B001: LAT_12.9716_LON_77.5946_STATUS_ACTIVECOSPAS_SARSAT_EMERGENCY_LOCATOR_HEX_A3F982B001: LAT_12.9716_LON_77.5946_STATUS_ACTIVECOSPAS_SARSAT_EMERGENCY_LOCATOR_HEX_A3F982B001: L,434f535041535f5341525341545f454d455247454e43595f4c4f4341544f525f4845585f413346393832423030313a204c41545f31322e393731365f4c4f4e5f37372e353934365f5354415455535f414354495645434f535041535f5341525341545f454d455247454e43595f4c4f4341544f525f4845585f413346393832423030313a204c41545f31322e393731365f4c4f4e5f37372e353934365f5354415455535f414354495645434f535041535f5341525341545f454d455247454e43595f4c4f4341544f525f4845585f413346393832423030313a204c
IQ_083,capture_083.iq,iq,500000.0,50000.0,10.0,16-QAM,"CONV+RS(255,223)",16,587.44,18.39,PLAINTEXT,245,AIS_MARINE_SURVEILLANCE_MMSI_419000888: COURSE_270_SPEED_14_2KTS_CARGO_CONTAINER_VESSELAIS_MARINE_SURVEILLANCE_MMSI_419000888: COURSE_270_SPEED_14_2KTS_CARGO_CONTAINER_VESSELAIS_MARINE_SURVEILLANCE_MMSI_419000888: COURSE_270_SPEED_14_2KTS_CARGO_,4149535f4d4152494e455f5355525645494c4c414e43455f4d4d53495f3431393030303838383a20434f555253455f3237305f53504545445f31345f324b54535f434152474f5f434f4e5441494e45525f56455353454c4149535f4d4152494e455f5355525645494c4c414e43455f4d4d53495f3431393030303838383a20434f555253455f3237305f53504545445f31345f324b54535f434152474f5f434f4e5441494e45525f56455353454c4149535f4d4152494e455f5355525645494c4c414e43455f4d4d53495f3431393030303838383a20434f555253455f3237305f53504545445f31345f324b54535f434152474f5f
IQ_084,capture_084.iq,iq,200000.0,50000.0,4.0,BPSK,LDPC,1,706.08,24.16,ENCRYPTED,64,,6484dade45803a4a134622cdb5ff2139771faba7a568403d022edca0c46bfb91d0363a3b6fc7af2823c616b84b2037cbd12b0d4c6dc979cd6a7111641369caa5
IQ_085,capture_085.iq,iq,250000.0,50000.0,5.0,QPSK,NONE,1,712.96,30.83,PLAINTEXT,91,TELEMETRY_SUBSYSTEM_HK_PACKET_99: BATTERY_V_28_4_SOLAR_PWR_145W_CPU_TEMP_42C_BUS_OK_PKT_085,54454c454d455452595f53554253595354454d5f484b5f5041434b45545f39393a20424154544552595f565f32385f345f534f4c41525f5057525f313435575f4350555f54454d505f3432435f4255535f4f4b5f504b545f303835
IQ_086,capture_086.iq,iq,500000.0,50000.0,10.0,8PSK,CONV,1,15.66,24.54,PLAINTEXT,91,RADAR_TRACK_REPORT_AZ_045_EL_12_RNG_85KM: DOPPLER_FREQ_SHIFT_320HZ_CONFIRM_FRIENDLY_PKT_086,52414441525f545241434b5f5245504f52545f415a5f3034355f454c5f31325f524e475f38354b4d3a20444f50504c45525f465245515f53484946545f333230485a5f434f4e4649524d5f465249454e444c595f504b545f303836
IQ_087,capture_087.iq,iq,200000.0,50000.0,4.0,16-QAM,"RS(255,223)",16,730.04,30.42,PLAINTEXT,219,GROUND_STATION_TELEMETRY_LINK_SYNC: FRAME_SEQ_10482_RSSI_NEG72DBM_SNR_24DB_LOCK_OKGROUND_STATION_TELEMETRY_LINK_SYNC: FRAME_SEQ_10482_RSSI_NEG72DBM_SNR_24DB_LOCK_OKGROUND_STATION_TELEMETRY_LINK_SYNC: FRAME_SEQ_10482_RSS,47524f554e445f53544154494f4e5f54454c454d455452595f4c494e4b5f53594e433a204652414d455f5345515f31303438325f525353495f4e4547373244424d5f534e525f323444425f4c4f434b5f4f4b47524f554e445f53544154494f4e5f54454c454d455452595f4c494e4b5f53594e433a204652414d455f5345515f31303438325f525353495f4e4547373244424d5f534e525f323444425f4c4f434b5f4f4b47524f554e445f53544154494f4e5f54454c454d455452595f4c494e4b5f53594e433a204652414d455f5345515f31303438325f525353
IQ_088,capture_088.iq,iq,250000.0,50000.0,5.0,BPSK,"CONV+RS(255,223)",1,585.69,18.59,ENCRYPTED,64,,b64fbb759f6bcfcb67f12b78d5f05772690be5833296dc1928f986cd08dbcd85691e309fedabaebc53c1f2a5295adf8e586b37a3a4f59aff46689bcd8115233c
IQ_089,capture_089.iq,iq,500000.0,50000.0,10.0,QPSK,LDPC,1,624.6,25.78,PLAINTEXT,92,UHF_SATCOM_DAMA_CHANNEL_BURST: TIME_SLOT_08_BURST_ID_7781_MODULATION_LOCKED_CRC32_OK_PKT_089,5548465f534154434f4d5f44414d415f4348414e4e454c5f42555253543a2054494d455f534c4f545f30385f42555253545f49445f373738315f4d4f44554c4154494f4e5f4c4f434b45445f43524333325f4f4b5f504b545f303839
IQ_090,capture_090.iq,iq,200000.0,50000.0,4.0,8PSK,NONE,1,718.22,27.24,PLAINTEXT,94,TACTICAL_SITREP_UNIT_ALPHA_7: SECTOR_BRAVO_RECON_COMPLETED_STATUS_GREEN_ALL_SYSTEMS_GO_PKT_090,544143544943414c5f5349545245505f554e49545f414c5048415f373a20534543544f525f425241564f5f5245434f4e5f434f4d504c455445445f5354415455535f475245454e5f414c4c5f53595354454d535f474f5f504b545f303930
IQ_091,capture_091.iq,iq,250000.0,50000.0,5.0,16-QAM,CONV,1,366.61,20.78,PLAINTEXT,95,ACARS_AERODROME_FLIGHT_IX204: POSITION_LAT_28.6139_LON_77.2090_ALT_34000FT_SPEED_480KTS_PKT_091,41434152535f4145524f44524f4d455f464c494748545f49583230343a20504f534954494f4e5f4c41545f32382e363133395f4c4f4e5f37372e323039305f414c545f333430303046545f53504545445f3438304b54535f504b545f303931
IQ_092,capture_092.iq,iq,500000.0,50000.0,10.0,2-FSK,"RS(255,223)",1,319.15,29.49,ENCRYPTED,64,,1d83b51b6d02eefc41ff8e42ce2947e7895d851e75ac065a03ee97ad8393658f01ee5bef7775c5c359c3be16395fc64fe0d70a86bdb2b97c2eaa8c1d87e9e622
IQ_093,capture_093.iq,iq,200000.0,50000.0,4.0,4-FSK,"CONV+RS(255,223)",4,289.62,25.62,PLAINTEXT,245,AIS_MARINE_SURVEILLANCE_MMSI_419000888: COURSE_270_SPEED_14_2KTS_CARGO_CONTAINER_VESSELAIS_MARINE_SURVEILLANCE_MMSI_419000888: COURSE_270_SPEED_14_2KTS_CARGO_CONTAINER_VESSELAIS_MARINE_SURVEILLANCE_MMSI_419000888: COURSE_270_SPEED_14_2KTS_CARGO_,4149535f4d4152494e455f5355525645494c4c414e43455f4d4d53495f3431393030303838383a20434f555253455f3237305f53504545445f31345f324b54535f434152474f5f434f4e5441494e45525f56455353454c4149535f4d4152494e455f5355525645494c4c414e43455f4d4d53495f3431393030303838383a20434f555253455f3237305f53504545445f31345f324b54535f434152474f5f434f4e5441494e45525f56455353454c4149535f4d4152494e455f5355525645494c4c414e43455f4d4d53495f3431393030303838383a20434f555253455f3237305f53504545445f31345f324b54535f434152474f5f
IQ_094,capture_094.iq,iq,250000.0,50000.0,5.0,2-FSK,LDPC,1,506.07,20.05,PLAINTEXT,95,WEATHER_OBSERVATION_METAR_VEGT: WIND_120_10KT_VIS_9999_SKC_TEMP_28_DP_22_QNH_1012_NOSIG_PKT_094,574541544845525f4f42534552564154494f4e5f4d455441525f564547543a2057494e445f3132305f31304b545f5649535f393939395f534b435f54454d505f32385f44505f32325f514e485f313031325f4e4f5349475f504b545f303934
IQ_095,capture_095.iq,iq,500000.0,50000.0,10.0,4-FSK,NONE,1,100.71,27.0,PLAINTEXT,91,TELEMETRY_SUBSYSTEM_HK_PACKET_99: BATTERY_V_28_4_SOLAR_PWR_145W_CPU_TEMP_42C_BUS_OK_PKT_095,54454c454d455452595f53554253595354454d5f484b5f5041434b45545f39393a20424154544552595f565f32385f345f534f4c41525f5057525f313435575f4350555f54454d505f3432435f4255535f4f4b5f504b545f303935
IQ_096,capture_096.iq,iq,200000.0,50000.0,4.0,BPSK,CONV,1,97.41,19.61,ENCRYPTED,64,,706aa82b691f2efb38b5e1b38b9a57dadee4efa71510d82b969e5117b511237fd2a61752ec2df310cf14e02429d0b60664f809291e6a5d181bf38f6f0e8cdabb
IQ_097,capture_097.iq,iq,250000.0,50000.0,5.0,QPSK,"RS(255,223)",4,-306.75,30.28,PLAINTEXT,219,GROUND_STATION_TELEMETRY_LINK_SYNC: FRAME_SEQ_10482_RSSI_NEG72DBM_SNR_24DB_LOCK_OKGROUND_STATION_TELEMETRY_LINK_SYNC: FRAME_SEQ_10482_RSSI_NEG72DBM_SNR_24DB_LOCK_OKGROUND_STATION_TELEMETRY_LINK_SYNC: FRAME_SEQ_10482_RSS,47524f554e445f53544154494f4e5f54454c454d455452595f4c494e4b5f53594e433a204652414d455f5345515f31303438325f525353495f4e4547373244424d5f534e525f323444425f4c4f434b5f4f4b47524f554e445f53544154494f4e5f54454c454d455452595f4c494e4b5f53594e433a204652414d455f5345515f31303438325f525353495f4e4547373244424d5f534e525f323444425f4c4f434b5f4f4b47524f554e445f53544154494f4e5f54454c454d455452595f4c494e4b5f53594e433a204652414d455f5345515f31303438325f525353
IQ_098,capture_098.iq,iq,500000.0,50000.0,10.0,8PSK,"CONV+RS(255,223)",8,-105.22,30.02,PLAINTEXT,245,HF_MARITIME_VOICE_DIGITAL_SELECTIVE_CALL: MMSI_004192000_URGENCY_PRIORITY_CHANNEL_16HF_MARITIME_VOICE_DIGITAL_SELECTIVE_CALL: MMSI_004192000_URGENCY_PRIORITY_CHANNEL_16HF_MARITIME_VOICE_DIGITAL_SELECTIVE_CALL: MMSI_004192000_URGENCY_PRIORITY_CHA,48465f4d41524954494d455f564f4943455f4449474954414c5f53454c4543544956455f43414c4c3a204d4d53495f3030343139323030305f555247454e43595f5052494f524954595f4348414e4e454c5f313648465f4d41524954494d455f564f4943455f4449474954414c5f53454c4543544956455f43414c4c3a204d4d53495f3030343139323030305f555247454e43595f5052494f524954595f4348414e4e454c5f313648465f4d41524954494d455f564f4943455f4449474954414c5f53454c4543544956455f43414c4c3a204d4d53495f3030343139323030305f555247454e43595f5052494f524954595f434841
IQ_099,capture_099.iq,iq,200000.0,50000.0,4.0,16-QAM,LDPC,1,-80.07,20.13,PLAINTEXT,92,UHF_SATCOM_DAMA_CHANNEL_BURST: TIME_SLOT_08_BURST_ID_7781_MODULATION_LOCKED_CRC32_OK_PKT_099,5548465f534154434f4d5f44414d415f4348414e4e454c5f42555253543a2054494d455f534c4f545f30385f42555253545f49445f373738315f4d4f44554c4154494f4e5f4c4f434b45445f43524333325f4f4b5f504b545f303939
IQ_100,capture_100.iq,iq,250000.0,50000.0,5.0,BPSK,NONE,1,489.45,24.79,ENCRYPTED,64,,e6a4b2c9741b98ee26447a8b342f40daadf7cc2ea462e4960621ce4a5b91e7d5c77f7eac8e03e77dc677199fbb7920e36082afeb3b295c8a02e56ce18d6929c8
WAV_001,capture_001.wav,wav,200000.0,50000.0,4.0,16-QAM,"RS(255,223)",1,-258.38,28.84,PLAINTEXT,219,WEATHER_OBSERVATION_METAR_VEGT: WIND_120_10KT_VIS_9999_SKC_TEMP_28_DP_22_QNH_1012_NOSIGWEATHER_OBSERVATION_METAR_VEGT: WIND_120_10KT_VIS_9999_SKC_TEMP_28_DP_22_QNH_1012_NOSIGWEATHER_OBSERVATION_METAR_VEGT: WIND_120_10KT,574541544845525f4f42534552564154494f4e5f4d455441525f564547543a2057494e445f3132305f31304b545f5649535f393939395f534b435f54454d505f32385f44505f32325f514e485f313031325f4e4f534947574541544845525f4f42534552564154494f4e5f4d455441525f564547543a2057494e445f3132305f31304b545f5649535f393939395f534b435f54454d505f32385f44505f32325f514e485f313031325f4e4f534947574541544845525f4f42534552564154494f4e5f4d455441525f564547543a2057494e445f3132305f31304b54
WAV_002,capture_002.wav,wav,200000.0,50000.0,4.0,BPSK,"CONV+RS(255,223)",4,-107.05,29.6,PLAINTEXT,245,TELEMETRY_SUBSYSTEM_HK_PACKET_99: BATTERY_V_28_4_SOLAR_PWR_145W_CPU_TEMP_42C_BUS_OKTELEMETRY_SUBSYSTEM_HK_PACKET_99: BATTERY_V_28_4_SOLAR_PWR_145W_CPU_TEMP_42C_BUS_OKTELEMETRY_SUBSYSTEM_HK_PACKET_99: BATTERY_V_28_4_SOLAR_PWR_145W_CPU_TEMP_42C_BU,54454c454d455452595f53554253595354454d5f484b5f5041434b45545f39393a20424154544552595f565f32385f345f534f4c41525f5057525f313435575f4350555f54454d505f3432435f4255535f4f4b54454c454d455452595f53554253595354454d5f484b5f5041434b45545f39393a20424154544552595f565f32385f345f534f4c41525f5057525f313435575f4350555f54454d505f3432435f4255535f4f4b54454c454d455452595f53554253595354454d5f484b5f5041434b45545f39393a20424154544552595f565f32385f345f534f4c41525f5057525f313435575f4350555f54454d505f3432435f4255
WAV_003,capture_003.wav,wav,200000.0,50000.0,4.0,QPSK,LDPC,1,-61.57,32.48,PLAINTEXT,91,RADAR_TRACK_REPORT_AZ_045_EL_12_RNG_85KM: DOPPLER_FREQ_SHIFT_320HZ_CONFIRM_FRIENDLY_WAV_003,52414441525f545241434b5f5245504f52545f415a5f3034355f454c5f31325f524e475f38354b4d3a20444f50504c45525f465245515f53484946545f333230485a5f434f4e4649524d5f465249454e444c595f5741565f303033
WAV_004,capture_004.wav,wav,200000.0,50000.0,4.0,8PSK,NONE,1,-328.49,29.29,PLAINTEXT,90,GROUND_STATION_TELEMETRY_LINK_SYNC: FRAME_SEQ_10482_RSSI_NEG72DBM_SNR_24DB_LOCK_OK_WAV_004,47524f554e445f53544154494f4e5f54454c454d455452595f4c494e4b5f53594e433a204652414d455f5345515f31303438325f525353495f4e4547373244424d5f534e525f323444425f4c4f434b5f4f4b5f5741565f303034
WAV_005,capture_005.wav,wav,200000.0,50000.0,4.0,16-QAM,CONV,1,75.75,30.81,ENCRYPTED,64,,87a0ac23f8a4c7bf81d3cd9704af6b9c3272d5eb9f705c369b98e50f308c557a98ba48b048c12c9dea3602dc43b0fc7262a93bb14c4af3ae2598394d84591476
WAV_006,capture_006.wav,wav,200000.0,50000.0,4.0,BPSK,"RS(255,223)",4,4.69,30.22,PLAINTEXT,219,UHF_SATCOM_DAMA_CHANNEL_BURST: TIME_SLOT_08_BURST_ID_7781_MODULATION_LOCKED_CRC32_OKUHF_SATCOM_DAMA_CHANNEL_BURST: TIME_SLOT_08_BURST_ID_7781_MODULATION_LOCKED_CRC32_OKUHF_SATCOM_DAMA_CHANNEL_BURST: TIME_SLOT_08_BURST_I,5548465f534154434f4d5f44414d415f4348414e4e454c5f42555253543a2054494d455f534c4f545f30385f42555253545f49445f373738315f4d4f44554c4154494f4e5f4c4f434b45445f43524333325f4f4b5548465f534154434f4d5f44414d415f4348414e4e454c5f42555253543a2054494d455f534c4f545f30385f42555253545f49445f373738315f4d4f44554c4154494f4e5f4c4f434b45445f43524333325f4f4b5548465f534154434f4d5f44414d415f4348414e4e454c5f42555253543a2054494d455f534c4f545f30385f42555253545f49
WAV_007,capture_007.wav,wav,200000.0,50000.0,4.0,QPSK,"CONV+RS(255,223)",8,31.53,29.72,PLAINTEXT,245,TACTICAL_SITREP_UNIT_ALPHA_7: SECTOR_BRAVO_RECON_COMPLETED_STATUS_GREEN_ALL_SYSTEMS_GOTACTICAL_SITREP_UNIT_ALPHA_7: SECTOR_BRAVO_RECON_COMPLETED_STATUS_GREEN_ALL_SYSTEMS_GOTACTICAL_SITREP_UNIT_ALPHA_7: SECTOR_BRAVO_RECON_COMPLETED_STATUS_GREEN_A,544143544943414c5f5349545245505f554e49545f414c5048415f373a20534543544f525f425241564f5f5245434f4e5f434f4d504c455445445f5354415455535f475245454e5f414c4c5f53595354454d535f474f544143544943414c5f5349545245505f554e49545f414c5048415f373a20534543544f525f425241564f5f5245434f4e5f434f4d504c455445445f5354415455535f475245454e5f414c4c5f53595354454d535f474f544143544943414c5f5349545245505f554e49545f414c5048415f373a20534543544f525f425241564f5f5245434f4e5f434f4d504c455445445f5354415455535f475245454e5f41
WAV_008,capture_008.wav,wav,200000.0,50000.0,4.0,8PSK,LDPC,1,-75.2,33.27,PLAINTEXT,95,ACARS_AERODROME_FLIGHT_IX204: POSITION_LAT_28.6139_LON_77.2090_ALT_34000FT_SPEED_480KTS_WAV_008,41434152535f4145524f44524f4d455f464c494748545f49583230343a20504f534954494f4e5f4c41545f32382e363133395f4c4f4e5f37372e323039305f414c545f333430303046545f53504545445f3438304b54535f5741565f303038
WAV_009,capture_009.wav,wav,200000.0,50000.0,4.0,16-QAM,NONE,1,-208.13,29.93,PLAINTEXT,93,COSPAS_SARSAT_EMERGENCY_LOCATOR_HEX_A3F982B001: LAT_12.9716_LON_77.5946_STATUS_ACTIVE_WAV_009,434f535041535f5341525341545f454d455247454e43595f4c4f4341544f525f4845585f413346393832423030313a204c41545f31322e393731365f4c4f4e5f37372e353934365f5354415455535f4143544956455f5741565f303039
WAV_010,capture_010.wav,wav,200000.0,50000.0,4.0,2-FSK,CONV,1,-537.08,23.62,ENCRYPTED,64,,b35d7732f339479e9839cd42bb0d40e5b70f03463e581d87417e28de73d5531b4a37af6e507b0a0bf2d4cc22a7c57be80d9fc1dca05f67bdae25ae1018716180
WAV_011,capture_011.wav,wav,200000.0,50000.0,4.0,4-FSK,"RS(255,223)",8,-115.32,24.32,PLAINTEXT,219,WEATHER_OBSERVATION_METAR_VEGT: WIND_120_10KT_VIS_9999_SKC_TEMP_28_DP_22_QNH_1012_NOSIGWEATHER_OBSERVATION_METAR_VEGT: WIND_120_10KT_VIS_9999_SKC_TEMP_28_DP_22_QNH_1012_NOSIGWEATHER_OBSERVATION_METAR_VEGT: WIND_120_10KT,574541544845525f4f42534552564154494f4e5f4d455441525f564547543a2057494e445f3132305f31304b545f5649535f393939395f534b435f54454d505f32385f44505f32325f514e485f313031325f4e4f534947574541544845525f4f42534552564154494f4e5f4d455441525f564547543a2057494e445f3132305f31304b545f5649535f393939395f534b435f54454d505f32385f44505f32325f514e485f313031325f4e4f534947574541544845525f4f42534552564154494f4e5f4d455441525f564547543a2057494e445f3132305f31304b54
WAV_012,capture_012.wav,wav,200000.0,50000.0,4.0,2-FSK,"CONV+RS(255,223)",16,-133.8,30.78,PLAINTEXT,245,TELEMETRY_SUBSYSTEM_HK_PACKET_99: BATTERY_V_28_4_SOLAR_PWR_145W_CPU_TEMP_42C_BUS_OKTELEMETRY_SUBSYSTEM_HK_PACKET_99: BATTERY_V_28_4_SOLAR_PWR_145W_CPU_TEMP_42C_BUS_OKTELEMETRY_SUBSYSTEM_HK_PACKET_99: BATTERY_V_28_4_SOLAR_PWR_145W_CPU_TEMP_42C_BU,54454c454d455452595f53554253595354454d5f484b5f5041434b45545f39393a20424154544552595f565f32385f345f534f4c41525f5057525f313435575f4350555f54454d505f3432435f4255535f4f4b54454c454d455452595f53554253595354454d5f484b5f5041434b45545f39393a20424154544552595f565f32385f345f534f4c41525f5057525f313435575f4350555f54454d505f3432435f4255535f4f4b54454c454d455452595f53554253595354454d5f484b5f5041434b45545f39393a20424154544552595f565f32385f345f534f4c41525f5057525f313435575f4350555f54454d505f3432435f4255
WAV_013,capture_013.wav,wav,200000.0,50000.0,4.0,4-FSK,LDPC,1,235.96,21.71,PLAINTEXT,91,RADAR_TRACK_REPORT_AZ_045_EL_12_RNG_85KM: DOPPLER_FREQ_SHIFT_320HZ_CONFIRM_FRIENDLY_WAV_013,52414441525f545241434b5f5245504f52545f415a5f3034355f454c5f31325f524e475f38354b4d3a20444f50504c45525f465245515f53484946545f333230485a5f434f4e4649524d5f465249454e444c595f5741565f303133
WAV_014,capture_014.wav,wav,200000.0,50000.0,4.0,BPSK,NONE,1,-445.66,31.91,PLAINTEXT,90,GROUND_STATION_TELEMETRY_LINK_SYNC: FRAME_SEQ_10482_RSSI_NEG72DBM_SNR_24DB_LOCK_OK_WAV_014,47524f554e445f53544154494f4e5f54454c454d455452595f4c494e4b5f53594e433a204652414d455f5345515f31303438325f525353495f4e4547373244424d5f534e525f323444425f4c4f434b5f4f4b5f5741565f303134
WAV_015,capture_015.wav,wav,200000.0,50000.0,4.0,QPSK,CONV,1,-361.02,21.03,ENCRYPTED,64,,ad41fc61da07da37b18e29ec2478544461ef919edcca24842346f23a4ad2258767eb9755a7a5f33b09ca3f344f79fcb1c78fc9d05a8f1ff09cebd68905f1fb33
WAV_016,capture_016.wav,wav,200000.0,50000.0,4.0,8PSK,"RS(255,223)",16,-168.04,20.69,PLAINTEXT,219,UHF_SATCOM_DAMA_CHANNEL_BURST: TIME_SLOT_08_BURST_ID_7781_MODULATION_LOCKED_CRC32_OKUHF_SATCOM_DAMA_CHANNEL_BURST: TIME_SLOT_08_BURST_ID_7781_MODULATION_LOCKED_CRC32_OKUHF_SATCOM_DAMA_CHANNEL_BURST: TIME_SLOT_08_BURST_I,5548465f534154434f4d5f44414d415f4348414e4e454c5f42555253543a2054494d455f534c4f545f30385f42555253545f49445f373738315f4d4f44554c4154494f4e5f4c4f434b45445f43524333325f4f4b5548465f534154434f4d5f44414d415f4348414e4e454c5f42555253543a2054494d455f534c4f545f30385f42555253545f49445f373738315f4d4f44554c4154494f4e5f4c4f434b45445f43524333325f4f4b5548465f534154434f4d5f44414d415f4348414e4e454c5f42555253543a2054494d455f534c4f545f30385f42555253545f49
WAV_017,capture_017.wav,wav,200000.0,50000.0,4.0,16-QAM,"CONV+RS(255,223)",1,-576.73,31.06,PLAINTEXT,245,TACTICAL_SITREP_UNIT_ALPHA_7: SECTOR_BRAVO_RECON_COMPLETED_STATUS_GREEN_ALL_SYSTEMS_GOTACTICAL_SITREP_UNIT_ALPHA_7: SECTOR_BRAVO_RECON_COMPLETED_STATUS_GREEN_ALL_SYSTEMS_GOTACTICAL_SITREP_UNIT_ALPHA_7: SECTOR_BRAVO_RECON_COMPLETED_STATUS_GREEN_A,544143544943414c5f5349545245505f554e49545f414c5048415f373a20534543544f525f425241564f5f5245434f4e5f434f4d504c455445445f5354415455535f475245454e5f414c4c5f53595354454d535f474f544143544943414c5f5349545245505f554e49545f414c5048415f373a20534543544f525f425241564f5f5245434f4e5f434f4d504c455445445f5354415455535f475245454e5f414c4c5f53595354454d535f474f544143544943414c5f5349545245505f554e49545f414c5048415f373a20534543544f525f425241564f5f5245434f4e5f434f4d504c455445445f5354415455535f475245454e5f41
WAV_018,capture_018.wav,wav,200000.0,50000.0,4.0,BPSK,LDPC,1,-572.84,30.93,PLAINTEXT,95,ACARS_AERODROME_FLIGHT_IX204: POSITION_LAT_28.6139_LON_77.2090_ALT_34000FT_SPEED_480KTS_WAV_018,41434152535f4145524f44524f4d455f464c494748545f49583230343a20504f534954494f4e5f4c41545f32382e363133395f4c4f4e5f37372e323039305f414c545f333430303046545f53504545445f3438304b54535f5741565f303138
WAV_019,capture_019.wav,wav,200000.0,50000.0,4.0,QPSK,NONE,1,-573.25,29.56,PLAINTEXT,93,COSPAS_SARSAT_EMERGENCY_LOCATOR_HEX_A3F982B001: LAT_12.9716_LON_77.5946_STATUS_ACTIVE_WAV_019,434f535041535f5341525341545f454d455247454e43595f4c4f4341544f525f4845585f413346393832423030313a204c41545f31322e393731365f4c4f4e5f37372e353934365f5354415455535f4143544956455f5741565f303139
WAV_020,capture_020.wav,wav,200000.0,50000.0,4.0,8PSK,CONV,1,-178.38,25.53,ENCRYPTED,64,,c17f9a825a47d690005cf44a588f2a278c367627819b5368123d0acf8216c8dbc2d362d597387e8baedbbc8f9d8a9db3fb33c1d2897f7475dc681103c0a9a772
WAV_021,capture_021.wav,wav,200000.0,50000.0,4.0,16-QAM,"RS(255,223)",1,444.84,22.33,PLAINTEXT,219,WEATHER_OBSERVATION_METAR_VEGT: WIND_120_10KT_VIS_9999_SKC_TEMP_28_DP_22_QNH_1012_NOSIGWEATHER_OBSERVATION_METAR_VEGT: WIND_120_10KT_VIS_9999_SKC_TEMP_28_DP_22_QNH_1012_NOSIGWEATHER_OBSERVATION_METAR_VEGT: WIND_120_10KT,574541544845525f4f42534552564154494f4e5f4d455441525f564547543a2057494e445f3132305f31304b545f5649535f393939395f534b435f54454d505f32385f44505f32325f514e485f313031325f4e4f534947574541544845525f4f42534552564154494f4e5f4d455441525f564547543a2057494e445f3132305f31304b545f5649535f393939395f534b435f54454d505f32385f44505f32325f514e485f313031325f4e4f534947574541544845525f4f42534552564154494f4e5f4d455441525f564547543a2057494e445f3132305f31304b54
WAV_022,capture_022.wav,wav,200000.0,50000.0,4.0,BPSK,"CONV+RS(255,223)",4,-251.24,31.29,PLAINTEXT,245,TELEMETRY_SUBSYSTEM_HK_PACKET_99: BATTERY_V_28_4_SOLAR_PWR_145W_CPU_TEMP_42C_BUS_OKTELEMETRY_SUBSYSTEM_HK_PACKET_99: BATTERY_V_28_4_SOLAR_PWR_145W_CPU_TEMP_42C_BUS_OKTELEMETRY_SUBSYSTEM_HK_PACKET_99: BATTERY_V_28_4_SOLAR_PWR_145W_CPU_TEMP_42C_BU,54454c454d455452595f53554253595354454d5f484b5f5041434b45545f39393a20424154544552595f565f32385f345f534f4c41525f5057525f313435575f4350555f54454d505f3432435f4255535f4f4b54454c454d455452595f53554253595354454d5f484b5f5041434b45545f39393a20424154544552595f565f32385f345f534f4c41525f5057525f313435575f4350555f54454d505f3432435f4255535f4f4b54454c454d455452595f53554253595354454d5f484b5f5041434b45545f39393a20424154544552595f565f32385f345f534f4c41525f5057525f313435575f4350555f54454d505f3432435f4255
WAV_023,capture_023.wav,wav,200000.0,50000.0,4.0,QPSK,LDPC,1,67.84,26.46,PLAINTEXT,91,RADAR_TRACK_REPORT_AZ_045_EL_12_RNG_85KM: DOPPLER_FREQ_SHIFT_320HZ_CONFIRM_FRIENDLY_WAV_023,52414441525f545241434b5f5245504f52545f415a5f3034355f454c5f31325f524e475f38354b4d3a20444f50504c45525f465245515f53484946545f333230485a5f434f4e4649524d5f465249454e444c595f5741565f303233
WAV_024,capture_024.wav,wav,200000.0,50000.0,4.0,8PSK,NONE,1,-164.87,31.49,PLAINTEXT,90,GROUND_STATION_TELEMETRY_LINK_SYNC: FRAME_SEQ_10482_RSSI_NEG72DBM_SNR_24DB_LOCK_OK_WAV_024,47524f554e445f53544154494f4e5f54454c454d455452595f4c494e4b5f53594e433a204652414d455f5345515f31303438325f525353495f4e4547373244424d5f534e525f323444425f4c4f434b5f4f4b5f5741565f303234
WAV_025,capture_025.wav,wav,200000.0,50000.0,4.0,16-QAM,CONV,1,129.08,23.39,ENCRYPTED,64,,4cac42af0dbb78a00f6cf3f199ee56b85f1d966b55273f5e2508ad9629f61f67d7988aa446b0fe6d63c9780f0835d9a833d590802cf4eb0b47f78b9e17a42d56
WAV_026,capture_026.wav,wav,200000.0,50000.0,4.0,2-FSK,"RS(255,223)",4,-574.93,21.47,PLAINTEXT,219,UHF_SATCOM_DAMA_CHANNEL_BURST: TIME_SLOT_08_BURST_ID_7781_MODULATION_LOCKED_CRC32_OKUHF_SATCOM_DAMA_CHANNEL_BURST: TIME_SLOT_08_BURST_ID_7781_MODULATION_LOCKED_CRC32_OKUHF_SATCOM_DAMA_CHANNEL_BURST: TIME_SLOT_08_BURST_I,5548465f534154434f4d5f44414d415f4348414e4e454c5f42555253543a2054494d455f534c4f545f30385f42555253545f49445f373738315f4d4f44554c4154494f4e5f4c4f434b45445f43524333325f4f4b5548465f534154434f4d5f44414d415f4348414e4e454c5f42555253543a2054494d455f534c4f545f30385f42555253545f49445f373738315f4d4f44554c4154494f4e5f4c4f434b45445f43524333325f4f4b5548465f534154434f4d5f44414d415f4348414e4e454c5f42555253543a2054494d455f534c4f545f30385f42555253545f49
WAV_027,capture_027.wav,wav,200000.0,50000.0,4.0,4-FSK,"CONV+RS(255,223)",8,484.74,32.17,PLAINTEXT,245,TACTICAL_SITREP_UNIT_ALPHA_7: SECTOR_BRAVO_RECON_COMPLETED_STATUS_GREEN_ALL_SYSTEMS_GOTACTICAL_SITREP_UNIT_ALPHA_7: SECTOR_BRAVO_RECON_COMPLETED_STATUS_GREEN_ALL_SYSTEMS_GOTACTICAL_SITREP_UNIT_ALPHA_7: SECTOR_BRAVO_RECON_COMPLETED_STATUS_GREEN_A,544143544943414c5f5349545245505f554e49545f414c5048415f373a20534543544f525f425241564f5f5245434f4e5f434f4d504c455445445f5354415455535f475245454e5f414c4c5f53595354454d535f474f544143544943414c5f5349545245505f554e49545f414c5048415f373a20534543544f525f425241564f5f5245434f4e5f434f4d504c455445445f5354415455535f475245454e5f414c4c5f53595354454d535f474f544143544943414c5f5349545245505f554e49545f414c5048415f373a20534543544f525f425241564f5f5245434f4e5f434f4d504c455445445f5354415455535f475245454e5f41
WAV_028,capture_028.wav,wav,200000.0,50000.0,4.0,2-FSK,LDPC,1,-204.17,30.94,PLAINTEXT,95,ACARS_AERODROME_FLIGHT_IX204: POSITION_LAT_28.6139_LON_77.2090_ALT_34000FT_SPEED_480KTS_WAV_028,41434152535f4145524f44524f4d455f464c494748545f49583230343a20504f534954494f4e5f4c41545f32382e363133395f4c4f4e5f37372e323039305f414c545f333430303046545f53504545445f3438304b54535f5741565f303238
WAV_029,capture_029.wav,wav,200000.0,50000.0,4.0,4-FSK,NONE,1,-119.94,20.64,PLAINTEXT,93,COSPAS_SARSAT_EMERGENCY_LOCATOR_HEX_A3F982B001: LAT_12.9716_LON_77.5946_STATUS_ACTIVE_WAV_029,434f535041535f5341525341545f454d455247454e43595f4c4f4341544f525f4845585f413346393832423030313a204c41545f31322e393731365f4c4f4e5f37372e353934365f5354415455535f4143544956455f5741565f303239
WAV_030,capture_030.wav,wav,200000.0,50000.0,4.0,BPSK,CONV,1,384.46,32.85,ENCRYPTED,64,,9c4ff37c7f6cedfc5c5be5e644b5d6bea04ab7d8cdd05cfcc23de316ed5c2a634ebe9c268f90b0e4209179123a1f6fe64ad5f18b3549e92532ee1394601e4c0d
WAV_031,capture_031.wav,wav,200000.0,50000.0,4.0,QPSK,"RS(255,223)",8,-462.11,30.22,PLAINTEXT,219,WEATHER_OBSERVATION_METAR_VEGT: WIND_120_10KT_VIS_9999_SKC_TEMP_28_DP_22_QNH_1012_NOSIGWEATHER_OBSERVATION_METAR_VEGT: WIND_120_10KT_VIS_9999_SKC_TEMP_28_DP_22_QNH_1012_NOSIGWEATHER_OBSERVATION_METAR_VEGT: WIND_120_10KT,574541544845525f4f42534552564154494f4e5f4d455441525f564547543a2057494e445f3132305f31304b545f5649535f393939395f534b435f54454d505f32385f44505f32325f514e485f313031325f4e4f534947574541544845525f4f42534552564154494f4e5f4d455441525f564547543a2057494e445f3132305f31304b545f5649535f393939395f534b435f54454d505f32385f44505f32325f514e485f313031325f4e4f534947574541544845525f4f42534552564154494f4e5f4d455441525f564547543a2057494e445f3132305f31304b54
WAV_032,capture_032.wav,wav,200000.0,50000.0,4.0,8PSK,"CONV+RS(255,223)",16,-580.89,33.23,PLAINTEXT,245,TELEMETRY_SUBSYSTEM_HK_PACKET_99: BATTERY_V_28_4_SOLAR_PWR_145W_CPU_TEMP_42C_BUS_OKTELEMETRY_SUBSYSTEM_HK_PACKET_99: BATTERY_V_28_4_SOLAR_PWR_145W_CPU_TEMP_42C_BUS_OKTELEMETRY_SUBSYSTEM_HK_PACKET_99: BATTERY_V_28_4_SOLAR_PWR_145W_CPU_TEMP_42C_BU,54454c454d455452595f53554253595354454d5f484b5f5041434b45545f39393a20424154544552595f565f32385f345f534f4c41525f5057525f313435575f4350555f54454d505f3432435f4255535f4f4b54454c454d455452595f53554253595354454d5f484b5f5041434b45545f39393a20424154544552595f565f32385f345f534f4c41525f5057525f313435575f4350555f54454d505f3432435f4255535f4f4b54454c454d455452595f53554253595354454d5f484b5f5041434b45545f39393a20424154544552595f565f32385f345f534f4c41525f5057525f313435575f4350555f54454d505f3432435f4255
WAV_033,capture_033.wav,wav,200000.0,50000.0,4.0,16-QAM,LDPC,1,-243.5,26.05,PLAINTEXT,91,RADAR_TRACK_REPORT_AZ_045_EL_12_RNG_85KM: DOPPLER_FREQ_SHIFT_320HZ_CONFIRM_FRIENDLY_WAV_033,52414441525f545241434b5f5245504f52545f415a5f3034355f454c5f31325f524e475f38354b4d3a20444f50504c45525f465245515f53484946545f333230485a5f434f4e4649524d5f465249454e444c595f5741565f303333
WAV_034,capture_034.wav,wav,200000.0,50000.0,4.0,BPSK,NONE,1,-415.83,31.15,PLAINTEXT,90,GROUND_STATION_TELEMETRY_LINK_SYNC: FRAME_SEQ_10482_RSSI_NEG72DBM_SNR_24DB_LOCK_OK_WAV_034,47524f554e445f53544154494f4e5f54454c454d455452595f4c494e4b5f53594e433a204652414d455f5345515f31303438325f525353495f4e4547373244424d5f534e525f323444425f4c4f434b5f4f4b5f5741565f303334
WAV_035,capture_035.wav,wav,200000.0,50000.0,4.0,QPSK,CONV,1,98.53,21.65,ENCRYPTED,64,,75374e20f655900c019add635f8a45c8b4d9f8c4b8cefbafa390092c733b96f3bd078ef36a8804a17b633db12712203b2331e57f0dd8463e24be0b9c29864b08
WAV_036,capture_036.wav,wav,200000.0,50000.0,4.0,8PSK,"RS(255,223)",16,589.77,24.54,PLAINTEXT,219,UHF_SATCOM_DAMA_CHANNEL_BURST: TIME_SLOT_08_BURST_ID_7781_MODULATION_LOCKED_CRC32_OKUHF_SATCOM_DAMA_CHANNEL_BURST: TIME_SLOT_08_BURST_ID_7781_MODULATION_LOCKED_CRC32_OKUHF_SATCOM_DAMA_CHANNEL_BURST: TIME_SLOT_08_BURST_I,5548465f534154434f4d5f44414d415f4348414e4e454c5f42555253543a2054494d455f534c4f545f30385f42555253545f49445f373738315f4d4f44554c4154494f4e5f4c4f434b45445f43524333325f4f4b5548465f534154434f4d5f44414d415f4348414e4e454c5f42555253543a2054494d455f534c4f545f30385f42555253545f49445f373738315f4d4f44554c4154494f4e5f4c4f434b45445f43524333325f4f4b5548465f534154434f4d5f44414d415f4348414e4e454c5f42555253543a2054494d455f534c4f545f30385f42555253545f49
WAV_037,capture_037.wav,wav,200000.0,50000.0,4.0,16-QAM,"CONV+RS(255,223)",1,-333.61,30.07,PLAINTEXT,245,TACTICAL_SITREP_UNIT_ALPHA_7: SECTOR_BRAVO_RECON_COMPLETED_STATUS_GREEN_ALL_SYSTEMS_GOTACTICAL_SITREP_UNIT_ALPHA_7: SECTOR_BRAVO_RECON_COMPLETED_STATUS_GREEN_ALL_SYSTEMS_GOTACTICAL_SITREP_UNIT_ALPHA_7: SECTOR_BRAVO_RECON_COMPLETED_STATUS_GREEN_A,544143544943414c5f5349545245505f554e49545f414c5048415f373a20534543544f525f425241564f5f5245434f4e5f434f4d504c455445445f5354415455535f475245454e5f414c4c5f53595354454d535f474f544143544943414c5f5349545245505f554e49545f414c5048415f373a20534543544f525f425241564f5f5245434f4e5f434f4d504c455445445f5354415455535f475245454e5f414c4c5f53595354454d535f474f544143544943414c5f5349545245505f554e49545f414c5048415f373a20534543544f525f425241564f5f5245434f4e5f434f4d504c455445445f5354415455535f475245454e5f41
WAV_038,capture_038.wav,wav,200000.0,50000.0,4.0,BPSK,LDPC,1,-512.78,31.88,PLAINTEXT,95,ACARS_AERODROME_FLIGHT_IX204: POSITION_LAT_28.6139_LON_77.2090_ALT_34000FT_SPEED_480KTS_WAV_038,41434152535f4145524f44524f4d455f464c494748545f49583230343a20504f534954494f4e5f4c41545f32382e363133395f4c4f4e5f37372e323039305f414c545f333430303046545f53504545445f3438304b54535f5741565f303338
WAV_039,capture_039.wav,wav,200000.0,50000.0,4.0,QPSK,NONE,1,496.23,21.62,PLAINTEXT,93,COSPAS_SARSAT_EMERGENCY_LOCATOR_HEX_A3F982B001: LAT_12.9716_LON_77.5946_STATUS_ACTIVE_WAV_039,434f535041535f5341525341545f454d455247454e43595f4c4f4341544f525f4845585f413346393832423030313a204c41545f31322e393731365f4c4f4e5f37372e353934365f5354415455535f4143544956455f5741565f303339
WAV_040,capture_040.wav,wav,200000.0,50000.0,4.0,8PSK,CONV,1,-370.77,27.89,ENCRYPTED,64,,f454ced7022810909f30b99be001692695fac965cbcd360c93c9cdf72c5bc822a8205894edab281ad06d58c0bc64a1c46dd6f6df618e72da8634f16a69310cd4
WAV_041,capture_041.wav,wav,200000.0,50000.0,4.0,16-QAM,"RS(255,223)",1,-226.94,27.62,PLAINTEXT,219,WEATHER_OBSERVATION_METAR_VEGT: WIND_120_10KT_VIS_9999_SKC_TEMP_28_DP_22_QNH_1012_NOSIGWEATHER_OBSERVATION_METAR_VEGT: WIND_120_10KT_VIS_9999_SKC_TEMP_28_DP_22_QNH_1012_NOSIGWEATHER_OBSERVATION_METAR_VEGT: WIND_120_10KT,574541544845525f4f42534552564154494f4e5f4d455441525f564547543a2057494e445f3132305f31304b545f5649535f393939395f534b435f54454d505f32385f44505f32325f514e485f313031325f4e4f534947574541544845525f4f42534552564154494f4e5f4d455441525f564547543a2057494e445f3132305f31304b545f5649535f393939395f534b435f54454d505f32385f44505f32325f514e485f313031325f4e4f534947574541544845525f4f42534552564154494f4e5f4d455441525f564547543a2057494e445f3132305f31304b54
WAV_042,capture_042.wav,wav,200000.0,50000.0,4.0,2-FSK,"CONV+RS(255,223)",4,204.0,28.67,PLAINTEXT,245,TELEMETRY_SUBSYSTEM_HK_PACKET_99: BATTERY_V_28_4_SOLAR_PWR_145W_CPU_TEMP_42C_BUS_OKTELEMETRY_SUBSYSTEM_HK_PACKET_99: BATTERY_V_28_4_SOLAR_PWR_145W_CPU_TEMP_42C_BUS_OKTELEMETRY_SUBSYSTEM_HK_PACKET_99: BATTERY_V_28_4_SOLAR_PWR_145W_CPU_TEMP_42C_BU,54454c454d455452595f53554253595354454d5f484b5f5041434b45545f39393a20424154544552595f565f32385f345f534f4c41525f5057525f313435575f4350555f54454d505f3432435f4255535f4f4b54454c454d455452595f53554253595354454d5f484b5f5041434b45545f39393a20424154544552595f565f32385f345f534f4c41525f5057525f313435575f4350555f54454d505f3432435f4255535f4f4b54454c454d455452595f53554253595354454d5f484b5f5041434b45545f39393a20424154544552595f565f32385f345f534f4c41525f5057525f313435575f4350555f54454d505f3432435f4255
WAV_043,capture_043.wav,wav,200000.0,50000.0,4.0,4-FSK,LDPC,1,-201.5,28.44,PLAINTEXT,91,RADAR_TRACK_REPORT_AZ_045_EL_12_RNG_85KM: DOPPLER_FREQ_SHIFT_320HZ_CONFIRM_FRIENDLY_WAV_043,52414441525f545241434b5f5245504f52545f415a5f3034355f454c5f31325f524e475f38354b4d3a20444f50504c45525f465245515f53484946545f333230485a5f434f4e4649524d5f465249454e444c595f5741565f303433
WAV_044,capture_044.wav,wav,200000.0,50000.0,4.0,2-FSK,NONE,1,-232.98,27.08,PLAINTEXT,90,GROUND_STATION_TELEMETRY_LINK_SYNC: FRAME_SEQ_10482_RSSI_NEG72DBM_SNR_24DB_LOCK_OK_WAV_044,47524f554e445f53544154494f4e5f54454c454d455452595f4c494e4b5f53594e433a204652414d455f5345515f31303438325f525353495f4e4547373244424d5f534e525f323444425f4c4f434b5f4f4b5f5741565f303434
WAV_045,capture_045.wav,wav,200000.0,50000.0,4.0,4-FSK,CONV,1,-279.63,23.22,ENCRYPTED,64,,84a88e7915607b7f1ce1c22676111fe939de2443902ec7bdf81bd577072695d9f5815117440d38722414acd45eb8dc6668c60bf65ad4a9e43c96b7c625e13fb9
WAV_046,capture_046.wav,wav,200000.0,50000.0,4.0,BPSK,"RS(255,223)",4,-191.9,30.27,PLAINTEXT,219,UHF_SATCOM_DAMA_CHANNEL_BURST: TIME_SLOT_08_BURST_ID_7781_MODULATION_LOCKED_CRC32_OKUHF_SATCOM_DAMA_CHANNEL_BURST: TIME_SLOT_08_BURST_ID_7781_MODULATION_LOCKED_CRC32_OKUHF_SATCOM_DAMA_CHANNEL_BURST: TIME_SLOT_08_BURST_I,5548465f534154434f4d5f44414d415f4348414e4e454c5f42555253543a2054494d455f534c4f545f30385f42555253545f49445f373738315f4d4f44554c4154494f4e5f4c4f434b45445f43524333325f4f4b5548465f534154434f4d5f44414d415f4348414e4e454c5f42555253543a2054494d455f534c4f545f30385f42555253545f49445f373738315f4d4f44554c4154494f4e5f4c4f434b45445f43524333325f4f4b5548465f534154434f4d5f44414d415f4348414e4e454c5f42555253543a2054494d455f534c4f545f30385f42555253545f49
WAV_047,capture_047.wav,wav,200000.0,50000.0,4.0,QPSK,"CONV+RS(255,223)",8,-523.51,29.41,PLAINTEXT,245,TACTICAL_SITREP_UNIT_ALPHA_7: SECTOR_BRAVO_RECON_COMPLETED_STATUS_GREEN_ALL_SYSTEMS_GOTACTICAL_SITREP_UNIT_ALPHA_7: SECTOR_BRAVO_RECON_COMPLETED_STATUS_GREEN_ALL_SYSTEMS_GOTACTICAL_SITREP_UNIT_ALPHA_7: SECTOR_BRAVO_RECON_COMPLETED_STATUS_GREEN_A,544143544943414c5f5349545245505f554e49545f414c5048415f373a20534543544f525f425241564f5f5245434f4e5f434f4d504c455445445f5354415455535f475245454e5f414c4c5f53595354454d535f474f544143544943414c5f5349545245505f554e49545f414c5048415f373a20534543544f525f425241564f5f5245434f4e5f434f4d504c455445445f5354415455535f475245454e5f414c4c5f53595354454d535f474f544143544943414c5f5349545245505f554e49545f414c5048415f373a20534543544f525f425241564f5f5245434f4e5f434f4d504c455445445f5354415455535f475245454e5f41
WAV_048,capture_048.wav,wav,200000.0,50000.0,4.0,8PSK,LDPC,1,-65.4,22.17,PLAINTEXT,95,ACARS_AERODROME_FLIGHT_IX204: POSITION_LAT_28.6139_LON_77.2090_ALT_34000FT_SPEED_480KTS_WAV_048,41434152535f4145524f44524f4d455f464c494748545f49583230343a20504f534954494f4e5f4c41545f32382e363133395f4c4f4e5f37372e323039305f414c545f333430303046545f53504545445f3438304b54535f5741565f303438
WAV_049,capture_049.wav,wav,200000.0,50000.0,4.0,16-QAM,NONE,1,594.81,26.88,PLAINTEXT,93,COSPAS_SARSAT_EMERGENCY_LOCATOR_HEX_A3F982B001: LAT_12.9716_LON_77.5946_STATUS_ACTIVE_WAV_049,434f535041535f5341525341545f454d455247454e43595f4c4f4341544f525f4845585f413346393832423030313a204c41545f31322e393731365f4c4f4e5f37372e353934365f5354415455535f4143544956455f5741565f303439
WAV_050,capture_050.wav,wav,200000.0,50000.0,4.0,BPSK,CONV,1,289.11,25.24,ENCRYPTED,64,,f323530b7693605ba7254d251fc2af27415fe5671e95a4a4ab4251f43f51831fafdce182c0ca8ffffdd27f1ef3a4041ecbdcd35e4e0eb8ce0d8482a016e9789f
WAV_051,capture_051.wav,wav,200000.0,50000.0,4.0,QPSK,"RS(255,223)",8,460.65,23.11,PLAINTEXT,219,WEATHER_OBSERVATION_METAR_VEGT: WIND_120_10KT_VIS_9999_SKC_TEMP_28_DP_22_QNH_1012_NOSIGWEATHER_OBSERVATION_METAR_VEGT: WIND_120_10KT_VIS_9999_SKC_TEMP_28_DP_22_QNH_1012_NOSIGWEATHER_OBSERVATION_METAR_VEGT: WIND_120_10KT,574541544845525f4f42534552564154494f4e5f4d455441525f564547543a2057494e445f3132305f31304b545f5649535f393939395f534b435f54454d505f32385f44505f32325f514e485f313031325f4e4f534947574541544845525f4f42534552564154494f4e5f4d455441525f564547543a2057494e445f3132305f31304b545f5649535f393939395f534b435f54454d505f32385f44505f32325f514e485f313031325f4e4f534947574541544845525f4f42534552564154494f4e5f4d455441525f564547543a2057494e445f3132305f31304b54
WAV_052,capture_052.wav,wav,200000.0,50000.0,4.0,8PSK,"CONV+RS(255,223)",16,530.16,28.01,PLAINTEXT,245,TELEMETRY_SUBSYSTEM_HK_PACKET_99: BATTERY_V_28_4_SOLAR_PWR_145W_CPU_TEMP_42C_BUS_OKTELEMETRY_SUBSYSTEM_HK_PACKET_99: BATTERY_V_28_4_SOLAR_PWR_145W_CPU_TEMP_42C_BUS_OKTELEMETRY_SUBSYSTEM_HK_PACKET_99: BATTERY_V_28_4_SOLAR_PWR_145W_CPU_TEMP_42C_BU,54454c454d455452595f53554253595354454d5f484b5f5041434b45545f39393a20424154544552595f565f32385f345f534f4c41525f5057525f313435575f4350555f54454d505f3432435f4255535f4f4b54454c454d455452595f53554253595354454d5f484b5f5041434b45545f39393a20424154544552595f565f32385f345f534f4c41525f5057525f313435575f4350555f54454d505f3432435f4255535f4f4b54454c454d455452595f53554253595354454d5f484b5f5041434b45545f39393a20424154544552595f565f32385f345f534f4c41525f5057525f313435575f4350555f54454d505f3432435f4255
WAV_053,capture_053.wav,wav,200000.0,50000.0,4.0,16-QAM,LDPC,1,-560.23,30.17,PLAINTEXT,91,RADAR_TRACK_REPORT_AZ_045_EL_12_RNG_85KM: DOPPLER_FREQ_SHIFT_320HZ_CONFIRM_FRIENDLY_WAV_053,52414441525f545241434b5f5245504f52545f415a5f3034355f454c5f31325f524e475f38354b4d3a20444f50504c45525f465245515f53484946545f333230485a5f434f4e4649524d5f465249454e444c595f5741565f303533
WAV_054,capture_054.wav,wav,200000.0,50000.0,4.0,BPSK,NONE,1,367.61,20.61,PLAINTEXT,90,GROUND_STATION_TELEMETRY_LINK_SYNC: FRAME_SEQ_10482_RSSI_NEG72DBM_SNR_24DB_LOCK_OK_WAV_054,47524f554e445f53544154494f4e5f54454c454d455452595f4c494e4b5f53594e433a204652414d455f5345515f31303438325f525353495f4e4547373244424d5f534e525f323444425f4c4f434b5f4f4b5f5741565f303534
WAV_055,capture_055.wav,wav,200000.0,50000.0,4.0,QPSK,CONV,1,172.41,29.68,ENCRYPTED,64,,768df69fbeb1ce7e06cdc18deda7322154b44611204323da32d31dcefcc0e5d22d37fb4abf2ccb8e87d1d6537dac69d4feb460db24c62c1d24984df2463a8f0d
WAV_056,capture_056.wav,wav,200000.0,50000.0,4.0,8PSK,"RS(255,223)",16,234.37,28.06,PLAINTEXT,219,UHF_SATCOM_DAMA_CHANNEL_BURST: TIME_SLOT_08_BURST_ID_7781_MODULATION_LOCKED_CRC32_OKUHF_SATCOM_DAMA_CHANNEL_BURST: TIME_SLOT_08_BURST_ID_7781_MODULATION_LOCKED_CRC32_OKUHF_SATCOM_DAMA_CHANNEL_BURST: TIME_SLOT_08_BURST_I,5548465f534154434f4d5f44414d415f4348414e4e454c5f42555253543a2054494d455f534c4f545f30385f42555253545f49445f373738315f4d4f44554c4154494f4e5f4c4f434b45445f43524333325f4f4b5548465f534154434f4d5f44414d415f4348414e4e454c5f42555253543a2054494d455f534c4f545f30385f42555253545f49445f373738315f4d4f44554c4154494f4e5f4c4f434b45445f43524333325f4f4b5548465f534154434f4d5f44414d415f4348414e4e454c5f42555253543a2054494d455f534c4f545f30385f42555253545f49
WAV_057,capture_057.wav,wav,200000.0,50000.0,4.0,16-QAM,"CONV+RS(255,223)",1,-126.87,29.61,PLAINTEXT,245,TACTICAL_SITREP_UNIT_ALPHA_7: SECTOR_BRAVO_RECON_COMPLETED_STATUS_GREEN_ALL_SYSTEMS_GOTACTICAL_SITREP_UNIT_ALPHA_7: SECTOR_BRAVO_RECON_COMPLETED_STATUS_GREEN_ALL_SYSTEMS_GOTACTICAL_SITREP_UNIT_ALPHA_7: SECTOR_BRAVO_RECON_COMPLETED_STATUS_GREEN_A,544143544943414c5f5349545245505f554e49545f414c5048415f373a20534543544f525f425241564f5f5245434f4e5f434f4d504c455445445f5354415455535f475245454e5f414c4c5f53595354454d535f474f544143544943414c5f5349545245505f554e49545f414c5048415f373a20534543544f525f425241564f5f5245434f4e5f434f4d504c455445445f5354415455535f475245454e5f414c4c5f53595354454d535f474f544143544943414c5f5349545245505f554e49545f414c5048415f373a20534543544f525f425241564f5f5245434f4e5f434f4d504c455445445f5354415455535f475245454e5f41
WAV_058,capture_058.wav,wav,200000.0,50000.0,4.0,2-FSK,LDPC,1,257.05,33.76,PLAINTEXT,95,ACARS_AERODROME_FLIGHT_IX204: POSITION_LAT_28.6139_LON_77.2090_ALT_34000FT_SPEED_480KTS_WAV_058,41434152535f4145524f44524f4d455f464c494748545f49583230343a20504f534954494f4e5f4c41545f32382e363133395f4c4f4e5f37372e323039305f414c545f333430303046545f53504545445f3438304b54535f5741565f303538
WAV_059,capture_059.wav,wav,200000.0,50000.0,4.0,4-FSK,NONE,1,-542.06,32.88,PLAINTEXT,93,COSPAS_SARSAT_EMERGENCY_LOCATOR_HEX_A3F982B001: LAT_12.9716_LON_77.5946_STATUS_ACTIVE_WAV_059,434f535041535f5341525341545f454d455247454e43595f4c4f4341544f525f4845585f413346393832423030313a204c41545f31322e393731365f4c4f4e5f37372e353934365f5354415455535f4143544956455f5741565f303539
WAV_060,capture_060.wav,wav,200000.0,50000.0,4.0,2-FSK,CONV,1,191.46,26.01,ENCRYPTED,64,,191d93499bd14623c741037035d6fbd103da821c1057861190404d4f205b8b42d376324e8b9a80ba6d2a5bffe19b22d28787524c3fa455754dd05578b257acf4
WAV_061,capture_061.wav,wav,200000.0,50000.0,4.0,4-FSK,"RS(255,223)",1,-477.53,33.96,PLAINTEXT,219,WEATHER_OBSERVATION_METAR_VEGT: WIND_120_10KT_VIS_9999_SKC_TEMP_28_DP_22_QNH_1012_NOSIGWEATHER_OBSERVATION_METAR_VEGT: WIND_120_10KT_VIS_9999_SKC_TEMP_28_DP_22_QNH_1012_NOSIGWEATHER_OBSERVATION_METAR_VEGT: WIND_120_10KT,574541544845525f4f42534552564154494f4e5f4d455441525f564547543a2057494e445f3132305f31304b545f5649535f393939395f534b435f54454d505f32385f44505f32325f514e485f313031325f4e4f534947574541544845525f4f42534552564154494f4e5f4d455441525f564547543a2057494e445f3132305f31304b545f5649535f393939395f534b435f54454d505f32385f44505f32325f514e485f313031325f4e4f534947574541544845525f4f42534552564154494f4e5f4d455441525f564547543a2057494e445f3132305f31304b54
WAV_062,capture_062.wav,wav,200000.0,50000.0,4.0,BPSK,"CONV+RS(255,223)",4,-401.55,25.17,PLAINTEXT,245,TELEMETRY_SUBSYSTEM_HK_PACKET_99: BATTERY_V_28_4_SOLAR_PWR_145W_CPU_TEMP_42C_BUS_OKTELEMETRY_SUBSYSTEM_HK_PACKET_99: BATTERY_V_28_4_SOLAR_PWR_145W_CPU_TEMP_42C_BUS_OKTELEMETRY_SUBSYSTEM_HK_PACKET_99: BATTERY_V_28_4_SOLAR_PWR_145W_CPU_TEMP_42C_BU,54454c454d455452595f53554253595354454d5f484b5f5041434b45545f39393a20424154544552595f565f32385f345f534f4c41525f5057525f313435575f4350555f54454d505f3432435f4255535f4f4b54454c454d455452595f53554253595354454d5f484b5f5041434b45545f39393a20424154544552595f565f32385f345f534f4c41525f5057525f313435575f4350555f54454d505f3432435f4255535f4f4b54454c454d455452595f53554253595354454d5f484b5f5041434b45545f39393a20424154544552595f565f32385f345f534f4c41525f5057525f313435575f4350555f54454d505f3432435f4255
WAV_063,capture_063.wav,wav,200000.0,50000.0,4.0,QPSK,LDPC,1,491.27,31.94,PLAINTEXT,91,RADAR_TRACK_REPORT_AZ_045_EL_12_RNG_85KM: DOPPLER_FREQ_SHIFT_320HZ_CONFIRM_FRIENDLY_WAV_063,52414441525f545241434b5f5245504f52545f415a5f3034355f454c5f31325f524e475f38354b4d3a20444f50504c45525f465245515f53484946545f333230485a5f434f4e4649524d5f465249454e444c595f5741565f303633
WAV_064,capture_064.wav,wav,200000.0,50000.0,4.0,8PSK,NONE,1,453.91,20.73,PLAINTEXT,90,GROUND_STATION_TELEMETRY_LINK_SYNC: FRAME_SEQ_10482_RSSI_NEG72DBM_SNR_24DB_LOCK_OK_WAV_064,47524f554e445f53544154494f4e5f54454c454d455452595f4c494e4b5f53594e433a204652414d455f5345515f31303438325f525353495f4e4547373244424d5f534e525f323444425f4c4f434b5f4f4b5f5741565f303634
WAV_065,capture_065.wav,wav,200000.0,50000.0,4.0,16-QAM,CONV,1,300.65,29.69,ENCRYPTED,64,,158680d4eb89e78bc161c78390b1bcdc14768b0775aad14bab3cbbb03a0595310f03d62fd86bc01903256fdb43bbbba33c1de955b841b5e8bc58d70db2d0a332
WAV_066,capture_066.wav,wav,200000.0,50000.0,4.0,BPSK,"RS(255,223)",4,-219.26,25.58,PLAINTEXT,219,UHF_SATCOM_DAMA_CHANNEL_BURST: TIME_SLOT_08_BURST_ID_7781_MODULATION_LOCKED_CRC32_OKUHF_SATCOM_DAMA_CHANNEL_BURST: TIME_SLOT_08_BURST_ID_7781_MODULATION_LOCKED_CRC32_OKUHF_SATCOM_DAMA_CHANNEL_BURST: TIME_SLOT_08_BURST_I,5548465f534154434f4d5f44414d415f4348414e4e454c5f42555253543a2054494d455f534c4f545f30385f42555253545f49445f373738315f4d4f44554c4154494f4e5f4c4f434b45445f43524333325f4f4b5548465f534154434f4d5f44414d415f4348414e4e454c5f42555253543a2054494d455f534c4f545f30385f42555253545f49445f373738315f4d4f44554c4154494f4e5f4c4f434b45445f43524333325f4f4b5548465f534154434f4d5f44414d415f4348414e4e454c5f42555253543a2054494d455f534c4f545f30385f42555253545f49
WAV_067,capture_067.wav,wav,200000.0,50000.0,4.0,QPSK,"CONV+RS(255,223)",8,347.88,33.32,PLAINTEXT,245,TACTICAL_SITREP_UNIT_ALPHA_7: SECTOR_BRAVO_RECON_COMPLETED_STATUS_GREEN_ALL_SYSTEMS_GOTACTICAL_SITREP_UNIT_ALPHA_7: SECTOR_BRAVO_RECON_COMPLETED_STATUS_GREEN_ALL_SYSTEMS_GOTACTICAL_SITREP_UNIT_ALPHA_7: SECTOR_BRAVO_RECON_COMPLETED_STATUS_GREEN_A,544143544943414c5f5349545245505f554e49545f414c5048415f373a20534543544f525f425241564f5f5245434f4e5f434f4d504c455445445f5354415455535f475245454e5f414c4c5f53595354454d535f474f544143544943414c5f5349545245505f554e49545f414c5048415f373a20534543544f525f425241564f5f5245434f4e5f434f4d504c455445445f5354415455535f475245454e5f414c4c5f53595354454d535f474f544143544943414c5f5349545245505f554e49545f414c5048415f373a20534543544f525f425241564f5f5245434f4e5f434f4d504c455445445f5354415455535f475245454e5f41
WAV_068,capture_068.wav,wav,200000.0,50000.0,4.0,8PSK,LDPC,1,-113.07,25.36,PLAINTEXT,95,ACARS_AERODROME_FLIGHT_IX204: POSITION_LAT_28.6139_LON_77.2090_ALT_34000FT_SPEED_480KTS_WAV_068,41434152535f4145524f44524f4d455f464c494748545f49583230343a20504f534954494f4e5f4c41545f32382e363133395f4c4f4e5f37372e323039305f414c545f333430303046545f53504545445f3438304b54535f5741565f303638
WAV_069,capture_069.wav,wav,200000.0,50000.0,4.0,16-QAM,NONE,1,-99.58,26.81,PLAINTEXT,93,COSPAS_SARSAT_EMERGENCY_LOCATOR_HEX_A3F982B001: LAT_12.9716_LON_77.5946_STATUS_ACTIVE_WAV_069,434f535041535f5341525341545f454d455247454e43595f4c4f4341544f525f4845585f413346393832423030313a204c41545f31322e393731365f4c4f4e5f37372e353934365f5354415455535f4143544956455f5741565f303639
WAV_070,capture_070.wav,wav,200000.0,50000.0,4.0,BPSK,CONV,1,-269.97,24.95,ENCRYPTED,64,,765177d7eb9bf6e39e52ad378170d7bf4764a59fcb0f9dea799b6edde9cfa8168505d1d1a614e3792c50b72aacfdf4cfcc01c8d3243e2c8c1e50104d913f6bf4
WAV_071,capture_071.wav,wav,200000.0,50000.0,4.0,QPSK,"RS(255,223)",8,-91.82,28.55,PLAINTEXT,219,WEATHER_OBSERVATION_METAR_VEGT: WIND_120_10KT_VIS_9999_SKC_TEMP_28_DP_22_QNH_1012_NOSIGWEATHER_OBSERVATION_METAR_VEGT: WIND_120_10KT_VIS_9999_SKC_TEMP_28_DP_22_QNH_1012_NOSIGWEATHER_OBSERVATION_METAR_VEGT: WIND_120_10KT,574541544845525f4f42534552564154494f4e5f4d455441525f564547543a2057494e445f3132305f31304b545f5649535f393939395f534b435f54454d505f32385f44505f32325f514e485f313031325f4e4f534947574541544845525f4f42534552564154494f4e5f4d455441525f564547543a2057494e445f3132305f31304b545f5649535f393939395f534b435f54454d505f32385f44505f32325f514e485f313031325f4e4f534947574541544845525f4f42534552564154494f4e5f4d455441525f564547543a2057494e445f3132305f31304b54
WAV_072,capture_072.wav,wav,200000.0,50000.0,4.0,8PSK,"CONV+RS(255,223)",16,-33.28,20.51,PLAINTEXT,245,TELEMETRY_SUBSYSTEM_HK_PACKET_99: BATTERY_V_28_4_SOLAR_PWR_145W_CPU_TEMP_42C_BUS_OKTELEMETRY_SUBSYSTEM_HK_PACKET_99: BATTERY_V_28_4_SOLAR_PWR_145W_CPU_TEMP_42C_BUS_OKTELEMETRY_SUBSYSTEM_HK_PACKET_99: BATTERY_V_28_4_SOLAR_PWR_145W_CPU_TEMP_42C_BU,54454c454d455452595f53554253595354454d5f484b5f5041434b45545f39393a20424154544552595f565f32385f345f534f4c41525f5057525f313435575f4350555f54454d505f3432435f4255535f4f4b54454c454d455452595f53554253595354454d5f484b5f5041434b45545f39393a20424154544552595f565f32385f345f534f4c41525f5057525f313435575f4350555f54454d505f3432435f4255535f4f4b54454c454d455452595f53554253595354454d5f484b5f5041434b45545f39393a20424154544552595f565f32385f345f534f4c41525f5057525f313435575f4350555f54454d505f3432435f4255
WAV_073,capture_073.wav,wav,200000.0,50000.0,4.0,16-QAM,LDPC,1,-283.22,27.37,PLAINTEXT,91,RADAR_TRACK_REPORT_AZ_045_EL_12_RNG_85KM: DOPPLER_FREQ_SHIFT_320HZ_CONFIRM_FRIENDLY_WAV_073,52414441525f545241434b5f5245504f52545f415a5f3034355f454c5f31325f524e475f38354b4d3a20444f50504c45525f465245515f53484946545f333230485a5f434f4e4649524d5f465249454e444c595f5741565f303733
WAV_074,capture_074.wav,wav,200000.0,50000.0,4.0,2-FSK,NONE,1,292.83,33.24,PLAINTEXT,90,GROUND_STATION_TELEMETRY_LINK_SYNC: FRAME_SEQ_10482_RSSI_NEG72DBM_SNR_24DB_LOCK_OK_WAV_074,47524f554e445f53544154494f4e5f54454c454d455452595f4c494e4b5f53594e433a204652414d455f5345515f31303438325f525353495f4e4547373244424d5f534e525f323444425f4c4f434b5f4f4b5f5741565f303734
WAV_075,capture_075.wav,wav,200000.0,50000.0,4.0,4-FSK,CONV,1,198.75,31.55,ENCRYPTED,64,,01638354531bc6c89ebe7481c2629361d412974a2d770f9ae3b3186e13c419b177e821dac6498e418ea12968043af2b1ab73423e3e2d630862577d87d435f315
WAV_076,capture_076.wav,wav,200000.0,50000.0,4.0,2-FSK,"RS(255,223)",16,145.48,24.71,PLAINTEXT,219,UHF_SATCOM_DAMA_CHANNEL_BURST: TIME_SLOT_08_BURST_ID_7781_MODULATION_LOCKED_CRC32_OKUHF_SATCOM_DAMA_CHANNEL_BURST: TIME_SLOT_08_BURST_ID_7781_MODULATION_LOCKED_CRC32_OKUHF_SATCOM_DAMA_CHANNEL_BURST: TIME_SLOT_08_BURST_I,5548465f534154434f4d5f44414d415f4348414e4e454c5f42555253543a2054494d455f534c4f545f30385f42555253545f49445f373738315f4d4f44554c4154494f4e5f4c4f434b45445f43524333325f4f4b5548465f534154434f4d5f44414d415f4348414e4e454c5f42555253543a2054494d455f534c4f545f30385f42555253545f49445f373738315f4d4f44554c4154494f4e5f4c4f434b45445f43524333325f4f4b5548465f534154434f4d5f44414d415f4348414e4e454c5f42555253543a2054494d455f534c4f545f30385f42555253545f49
WAV_077,capture_077.wav,wav,200000.0,50000.0,4.0,4-FSK,"CONV+RS(255,223)",1,462.27,24.64,PLAINTEXT,245,TACTICAL_SITREP_UNIT_ALPHA_7: SECTOR_BRAVO_RECON_COMPLETED_STATUS_GREEN_ALL_SYSTEMS_GOTACTICAL_SITREP_UNIT_ALPHA_7: SECTOR_BRAVO_RECON_COMPLETED_STATUS_GREEN_ALL_SYSTEMS_GOTACTICAL_SITREP_UNIT_ALPHA_7: SECTOR_BRAVO_RECON_COMPLETED_STATUS_GREEN_A,544143544943414c5f5349545245505f554e49545f414c5048415f373a20534543544f525f425241564f5f5245434f4e5f434f4d504c455445445f5354415455535f475245454e5f414c4c5f53595354454d535f474f544143544943414c5f5349545245505f554e49545f414c5048415f373a20534543544f525f425241564f5f5245434f4e5f434f4d504c455445445f5354415455535f475245454e5f414c4c5f53595354454d535f474f544143544943414c5f5349545245505f554e49545f414c5048415f373a20534543544f525f425241564f5f5245434f4e5f434f4d504c455445445f5354415455535f475245454e5f41
WAV_078,capture_078.wav,wav,200000.0,50000.0,4.0,BPSK,LDPC,1,557.31,32.14,PLAINTEXT,95,ACARS_AERODROME_FLIGHT_IX204: POSITION_LAT_28.6139_LON_77.2090_ALT_34000FT_SPEED_480KTS_WAV_078,41434152535f4145524f44524f4d455f464c494748545f49583230343a20504f534954494f4e5f4c41545f32382e363133395f4c4f4e5f37372e323039305f414c545f333430303046545f53504545445f3438304b54535f5741565f303738
WAV_079,capture_079.wav,wav,200000.0,50000.0,4.0,QPSK,NONE,1,265.29,29.58,PLAINTEXT,93,COSPAS_SARSAT_EMERGENCY_LOCATOR_HEX_A3F982B001: LAT_12.9716_LON_77.5946_STATUS_ACTIVE_WAV_079,434f535041535f5341525341545f454d455247454e43595f4c4f4341544f525f4845585f413346393832423030313a204c41545f31322e393731365f4c4f4e5f37372e353934365f5354415455535f4143544956455f5741565f303739
WAV_080,capture_080.wav,wav,200000.0,50000.0,4.0,8PSK,CONV,1,-591.26,21.38,ENCRYPTED,64,,aa67327ae24734cc0bb318d6b43fedc9ae02cd4b3ad9ab9f526e4dd3e8d66f1619509445e2f8a7e3b2ed1cb57f9d3c807473f54d1ee410cc03ecf1866b5be1cd
WAV_081,capture_081.wav,wav,200000.0,50000.0,4.0,16-QAM,"RS(255,223)",1,390.19,28.47,PLAINTEXT,219,WEATHER_OBSERVATION_METAR_VEGT: WIND_120_10KT_VIS_9999_SKC_TEMP_28_DP_22_QNH_1012_NOSIGWEATHER_OBSERVATION_METAR_VEGT: WIND_120_10KT_VIS_9999_SKC_TEMP_28_DP_22_QNH_1012_NOSIGWEATHER_OBSERVATION_METAR_VEGT: WIND_120_10KT,574541544845525f4f42534552564154494f4e5f4d455441525f564547543a2057494e445f3132305f31304b545f5649535f393939395f534b435f54454d505f32385f44505f32325f514e485f313031325f4e4f534947574541544845525f4f42534552564154494f4e5f4d455441525f564547543a2057494e445f3132305f31304b545f5649535f393939395f534b435f54454d505f32385f44505f32325f514e485f313031325f4e4f534947574541544845525f4f42534552564154494f4e5f4d455441525f564547543a2057494e445f3132305f31304b54
WAV_082,capture_082.wav,wav,200000.0,50000.0,4.0,BPSK,"CONV+RS(255,223)",4,273.23,32.09,PLAINTEXT,245,TELEMETRY_SUBSYSTEM_HK_PACKET_99: BATTERY_V_28_4_SOLAR_PWR_145W_CPU_TEMP_42C_BUS_OKTELEMETRY_SUBSYSTEM_HK_PACKET_99: BATTERY_V_28_4_SOLAR_PWR_145W_CPU_TEMP_42C_BUS_OKTELEMETRY_SUBSYSTEM_HK_PACKET_99: BATTERY_V_28_4_SOLAR_PWR_145W_CPU_TEMP_42C_BU,54454c454d455452595f53554253595354454d5f484b5f5041434b45545f39393a20424154544552595f565f32385f345f534f4c41525f5057525f313435575f4350555f54454d505f3432435f4255535f4f4b54454c454d455452595f53554253595354454d5f484b5f5041434b45545f39393a20424154544552595f565f32385f345f534f4c41525f5057525f313435575f4350555f54454d505f3432435f4255535f4f4b54454c454d455452595f53554253595354454d5f484b5f5041434b45545f39393a20424154544552595f565f32385f345f534f4c41525f5057525f313435575f4350555f54454d505f3432435f4255
WAV_083,capture_083.wav,wav,200000.0,50000.0,4.0,QPSK,LDPC,1,-174.37,27.76,PLAINTEXT,91,RADAR_TRACK_REPORT_AZ_045_EL_12_RNG_85KM: DOPPLER_FREQ_SHIFT_320HZ_CONFIRM_FRIENDLY_WAV_083,52414441525f545241434b5f5245504f52545f415a5f3034355f454c5f31325f524e475f38354b4d3a20444f50504c45525f465245515f53484946545f333230485a5f434f4e4649524d5f465249454e444c595f5741565f303833
WAV_084,capture_084.wav,wav,200000.0,50000.0,4.0,8PSK,NONE,1,105.45,31.68,PLAINTEXT,90,GROUND_STATION_TELEMETRY_LINK_SYNC: FRAME_SEQ_10482_RSSI_NEG72DBM_SNR_24DB_LOCK_OK_WAV_084,47524f554e445f53544154494f4e5f54454c454d455452595f4c494e4b5f53594e433a204652414d455f5345515f31303438325f525353495f4e4547373244424d5f534e525f323444425f4c4f434b5f4f4b5f5741565f303834
WAV_085,capture_085.wav,wav,200000.0,50000.0,4.0,16-QAM,CONV,1,-243.0,21.47,ENCRYPTED,64,,81acc5a18a9c4ab25f10ddb97c2894933392f08ad5137a36340d431891b43ce5043cacaa9037142a09c746a46d729046ba5d48667987a3c5f469244004963dd4
WAV_086,capture_086.wav,wav,200000.0,50000.0,4.0,BPSK,"RS(255,223)",4,-550.26,33.61,PLAINTEXT,219,UHF_SATCOM_DAMA_CHANNEL_BURST: TIME_SLOT_08_BURST_ID_7781_MODULATION_LOCKED_CRC32_OKUHF_SATCOM_DAMA_CHANNEL_BURST: TIME_SLOT_08_BURST_ID_7781_MODULATION_LOCKED_CRC32_OKUHF_SATCOM_DAMA_CHANNEL_BURST: TIME_SLOT_08_BURST_I,5548465f534154434f4d5f44414d415f4348414e4e454c5f42555253543a2054494d455f534c4f545f30385f42555253545f49445f373738315f4d4f44554c4154494f4e5f4c4f434b45445f43524333325f4f4b5548465f534154434f4d5f44414d415f4348414e4e454c5f42555253543a2054494d455f534c4f545f30385f42555253545f49445f373738315f4d4f44554c4154494f4e5f4c4f434b45445f43524333325f4f4b5548465f534154434f4d5f44414d415f4348414e4e454c5f42555253543a2054494d455f534c4f545f30385f42555253545f49
WAV_087,capture_087.wav,wav,200000.0,50000.0,4.0,QPSK,"CONV+RS(255,223)",8,-560.39,26.11,PLAINTEXT,245,TACTICAL_SITREP_UNIT_ALPHA_7: SECTOR_BRAVO_RECON_COMPLETED_STATUS_GREEN_ALL_SYSTEMS_GOTACTICAL_SITREP_UNIT_ALPHA_7: SECTOR_BRAVO_RECON_COMPLETED_STATUS_GREEN_ALL_SYSTEMS_GOTACTICAL_SITREP_UNIT_ALPHA_7: SECTOR_BRAVO_RECON_COMPLETED_STATUS_GREEN_A,544143544943414c5f5349545245505f554e49545f414c5048415f373a20534543544f525f425241564f5f5245434f4e5f434f4d504c455445445f5354415455535f475245454e5f414c4c5f53595354454d535f474f544143544943414c5f5349545245505f554e49545f414c5048415f373a20534543544f525f425241564f5f5245434f4e5f434f4d504c455445445f5354415455535f475245454e5f414c4c5f53595354454d535f474f544143544943414c5f5349545245505f554e49545f414c5048415f373a20534543544f525f425241564f5f5245434f4e5f434f4d504c455445445f5354415455535f475245454e5f41
WAV_088,capture_088.wav,wav,200000.0,50000.0,4.0,8PSK,LDPC,1,242.5,27.32,PLAINTEXT,95,ACARS_AERODROME_FLIGHT_IX204: POSITION_LAT_28.6139_LON_77.2090_ALT_34000FT_SPEED_480KTS_WAV_088,41434152535f4145524f44524f4d455f464c494748545f49583230343a20504f534954494f4e5f4c41545f32382e363133395f4c4f4e5f37372e323039305f414c545f333430303046545f53504545445f3438304b54535f5741565f303838
WAV_089,capture_089.wav,wav,200000.0,50000.0,4.0,16-QAM,NONE,1,-197.26,21.47,PLAINTEXT,93,COSPAS_SARSAT_EMERGENCY_LOCATOR_HEX_A3F982B001: LAT_12.9716_LON_77.5946_STATUS_ACTIVE_WAV_089,434f535041535f5341525341545f454d455247454e43595f4c4f4341544f525f4845585f413346393832423030313a204c41545f31322e393731365f4c4f4e5f37372e353934365f5354415455535f4143544956455f5741565f303839
WAV_090,capture_090.wav,wav,200000.0,50000.0,4.0,2-FSK,CONV,1,486.16,29.0,ENCRYPTED,64,,cf53053d681c4d4786cd4f0f122a83737051f2f8386711ccce94a3617fc6020c1403b0ce6fc9824cfd57ce9e1ca2eda42ca61c0b722fd482c363fec0e43fe704
WAV_091,capture_091.wav,wav,200000.0,50000.0,4.0,4-FSK,"RS(255,223)",8,-560.49,33.79,PLAINTEXT,219,WEATHER_OBSERVATION_METAR_VEGT: WIND_120_10KT_VIS_9999_SKC_TEMP_28_DP_22_QNH_1012_NOSIGWEATHER_OBSERVATION_METAR_VEGT: WIND_120_10KT_VIS_9999_SKC_TEMP_28_DP_22_QNH_1012_NOSIGWEATHER_OBSERVATION_METAR_VEGT: WIND_120_10KT,574541544845525f4f42534552564154494f4e5f4d455441525f564547543a2057494e445f3132305f31304b545f5649535f393939395f534b435f54454d505f32385f44505f32325f514e485f313031325f4e4f534947574541544845525f4f42534552564154494f4e5f4d455441525f564547543a2057494e445f3132305f31304b545f5649535f393939395f534b435f54454d505f32385f44505f32325f514e485f313031325f4e4f534947574541544845525f4f42534552564154494f4e5f4d455441525f564547543a2057494e445f3132305f31304b54
WAV_092,capture_092.wav,wav,200000.0,50000.0,4.0,2-FSK,"CONV+RS(255,223)",16,234.63,25.98,PLAINTEXT,245,TELEMETRY_SUBSYSTEM_HK_PACKET_99: BATTERY_V_28_4_SOLAR_PWR_145W_CPU_TEMP_42C_BUS_OKTELEMETRY_SUBSYSTEM_HK_PACKET_99: BATTERY_V_28_4_SOLAR_PWR_145W_CPU_TEMP_42C_BUS_OKTELEMETRY_SUBSYSTEM_HK_PACKET_99: BATTERY_V_28_4_SOLAR_PWR_145W_CPU_TEMP_42C_BU,54454c454d455452595f53554253595354454d5f484b5f5041434b45545f39393a20424154544552595f565f32385f345f534f4c41525f5057525f313435575f4350555f54454d505f3432435f4255535f4f4b54454c454d455452595f53554253595354454d5f484b5f5041434b45545f39393a20424154544552595f565f32385f345f534f4c41525f5057525f313435575f4350555f54454d505f3432435f4255535f4f4b54454c454d455452595f53554253595354454d5f484b5f5041434b45545f39393a20424154544552595f565f32385f345f534f4c41525f5057525f313435575f4350555f54454d505f3432435f4255
WAV_093,capture_093.wav,wav,200000.0,50000.0,4.0,4-FSK,LDPC,1,120.3,21.95,PLAINTEXT,91,RADAR_TRACK_REPORT_AZ_045_EL_12_RNG_85KM: DOPPLER_FREQ_SHIFT_320HZ_CONFIRM_FRIENDLY_WAV_093,52414441525f545241434b5f5245504f52545f415a5f3034355f454c5f31325f524e475f38354b4d3a20444f50504c45525f465245515f53484946545f333230485a5f434f4e4649524d5f465249454e444c595f5741565f303933
WAV_094,capture_094.wav,wav,200000.0,50000.0,4.0,BPSK,NONE,1,518.1,22.3,PLAINTEXT,90,GROUND_STATION_TELEMETRY_LINK_SYNC: FRAME_SEQ_10482_RSSI_NEG72DBM_SNR_24DB_LOCK_OK_WAV_094,47524f554e445f53544154494f4e5f54454c454d455452595f4c494e4b5f53594e433a204652414d455f5345515f31303438325f525353495f4e4547373244424d5f534e525f323444425f4c4f434b5f4f4b5f5741565f303934
WAV_095,capture_095.wav,wav,200000.0,50000.0,4.0,QPSK,CONV,1,-379.95,31.79,ENCRYPTED,64,,358f2dcd3547a433c34a966bf2efa91c3adf989871946bef12ba24d4463ad85cc348a942a876e5320a40e6e108e1348b15e65c37a4a4377d79d4336668b23f35
WAV_096,capture_096.wav,wav,200000.0,50000.0,4.0,8PSK,"RS(255,223)",16,-67.4,31.07,PLAINTEXT,219,UHF_SATCOM_DAMA_CHANNEL_BURST: TIME_SLOT_08_BURST_ID_7781_MODULATION_LOCKED_CRC32_OKUHF_SATCOM_DAMA_CHANNEL_BURST: TIME_SLOT_08_BURST_ID_7781_MODULATION_LOCKED_CRC32_OKUHF_SATCOM_DAMA_CHANNEL_BURST: TIME_SLOT_08_BURST_I,5548465f534154434f4d5f44414d415f4348414e4e454c5f42555253543a2054494d455f534c4f545f30385f42555253545f49445f373738315f4d4f44554c4154494f4e5f4c4f434b45445f43524333325f4f4b5548465f534154434f4d5f44414d415f4348414e4e454c5f42555253543a2054494d455f534c4f545f30385f42555253545f49445f373738315f4d4f44554c4154494f4e5f4c4f434b45445f43524333325f4f4b5548465f534154434f4d5f44414d415f4348414e4e454c5f42555253543a2054494d455f534c4f545f30385f42555253545f49
WAV_097,capture_097.wav,wav,200000.0,50000.0,4.0,16-QAM,"CONV+RS(255,223)",1,-516.2,31.15,PLAINTEXT,245,TACTICAL_SITREP_UNIT_ALPHA_7: SECTOR_BRAVO_RECON_COMPLETED_STATUS_GREEN_ALL_SYSTEMS_GOTACTICAL_SITREP_UNIT_ALPHA_7: SECTOR_BRAVO_RECON_COMPLETED_STATUS_GREEN_ALL_SYSTEMS_GOTACTICAL_SITREP_UNIT_ALPHA_7: SECTOR_BRAVO_RECON_COMPLETED_STATUS_GREEN_A,544143544943414c5f5349545245505f554e49545f414c5048415f373a20534543544f525f425241564f5f5245434f4e5f434f4d504c455445445f5354415455535f475245454e5f414c4c5f53595354454d535f474f544143544943414c5f5349545245505f554e49545f414c5048415f373a20534543544f525f425241564f5f5245434f4e5f434f4d504c455445445f5354415455535f475245454e5f414c4c5f53595354454d535f474f544143544943414c5f5349545245505f554e49545f414c5048415f373a20534543544f525f425241564f5f5245434f4e5f434f4d504c455445445f5354415455535f475245454e5f41
WAV_098,capture_098.wav,wav,200000.0,50000.0,4.0,BPSK,LDPC,1,197.81,31.98,PLAINTEXT,95,ACARS_AERODROME_FLIGHT_IX204: POSITION_LAT_28.6139_LON_77.2090_ALT_34000FT_SPEED_480KTS_WAV_098,41434152535f4145524f44524f4d455f464c494748545f49583230343a20504f534954494f4e5f4c41545f32382e363133395f4c4f4e5f37372e323039305f414c545f333430303046545f53504545445f3438304b54535f5741565f303938
WAV_099,capture_099.wav,wav,200000.0,50000.0,4.0,QPSK,NONE,1,-281.06,20.86,PLAINTEXT,93,COSPAS_SARSAT_EMERGENCY_LOCATOR_HEX_A3F982B001: LAT_12.9716_LON_77.5946_STATUS_ACTIVE_WAV_099,434f535041535f5341525341545f454d455247454e43595f4c4f4341544f525f4845585f413346393832423030313a204c41545f31322e393731365f4c4f4e5f37372e353934365f5354415455535f4143544956455f5741565f303939
WAV_100,capture_100.wav,wav,200000.0,50000.0,4.0,8PSK,CONV,1,23.74,24.47,ENCRYPTED,64,,c2026c9dc48c6e9b6d26580b196a3a671ff0d0de3088cec15b77ea3daa5261e3c28ef10d073d044d64de562cfc3c3930698c5906a9d612c2b036602787dfc120
